"ADMITYEAR";"STUDENTID";"STUDENTSTATUS";"STUDENTSTATUSNAME";"PROVINCEID";"PROVINCENAME";"BIRTHDATE";"SCHOOLGPA"
2552;336749;61;"Dismissed GPAX < 1.50";72;"SUPHAN BURI";8/3/1990 0:00:00;2.18
2552;336750;40;"Graduated";12;"PATHUM THANI";12/2/1988 0:00:00;2.88
2552;336751;90;"Not Registration for New Students";54;"PHRAE";29/11/1988 0:00:00;3.57
2552;336752;40;"Graduated";11;"NONTHABURI";4/7/1990 0:00:00;3.15
2552;336753;40;"Graduated";1;"BANGKOK";26/10/1990 0:00:00;3.24
2552;336754;40;"Graduated";25;"PRACHIN BURI";27/2/1991 0:00:00;3.39
2552;336755;40;"Graduated";15;"LOP BURI";7/7/1989 0:00:00;3.47
2552;336756;55;"Resign";1;"BANGKOK";21/5/1990 0:00:00;2.66
2552;336757;61;"Dismissed GPAX < 1.50";1;"BANGKOK";8/9/1990 0:00:00;2.91
2552;336758;61;"Dismissed GPAX < 1.50";30;"NAKHON RATCHASIMA";10/5/1991 0:00:00;3.05
2552;336759;61;"Dismissed GPAX < 1.50";21;"RAYONG";22/2/1986 0:00:00;3.39
2552;336760;61;"Dismissed GPAX < 1.50";45;"ROI ET";11/2/1989 0:00:00;2.98
2552;336761;61;"Dismissed GPAX < 1.50";70;"RATCHABURI";1/5/1989 0:00:00;2.65
2552;336762;80;"Dismissed Not Enroll";52;"LAMPANG";29/5/1989 0:00:00;2.29
2552;336763;40;"Graduated";19;"SAMUT PRAKAN";21/6/1990 0:00:00;3.43
2552;336764;40;"Graduated";80;"NAKHON SI THAMMARAT";20/1/1989 0:00:00;2.83
2552;336765;40;"Graduated";1;"BANGKOK";17/12/1990 0:00:00;3.05
2552;336766;40;"Graduated";1;"BANGKOK";8/3/1991 0:00:00;2.71
2552;336767;40;"Graduated";1;"BANGKOK";29/10/1990 0:00:00;2.96
2552;336768;40;"Graduated";1;"BANGKOK";30/6/1991 0:00:00;3.01
2552;336769;40;"Graduated";1;"BANGKOK";6/4/1991 0:00:00;3.79
2552;336770;55;"Resign";19;"SAMUT PRAKAN";18/8/1990 0:00:00;3.84
2552;336771;80;"Dismissed Not Enroll";77;"PRACHUAP KHIRI KHAN";13/5/1990 0:00:00;3.03
2552;336772;40;"Graduated";1;"BANGKOK";4/10/1990 0:00:00;3.01
2552;336773;40;"Graduated";43;"NONG KHAI";8/2/1991 0:00:00;3.2
2552;336774;40;"Graduated";1;"BANGKOK";6/11/1990 0:00:00;3.29
2552;336775;40;"Graduated";1;"BANGKOK";4/9/1989 0:00:00;3.42
2552;336776;61;"Dismissed GPAX < 1.50";33;"SI SA KET";25/10/1989 0:00:00;2.37
2552;336777;61;"Dismissed GPAX < 1.50";1;"BANGKOK";9/2/1991 0:00:00;1.95
2552;336778;55;"Resign";84;"SURAT THANI";25/3/1991 0:00:00;2.47
2552;336779;90;"Not Registration for New Students";10;;;
2552;336780;55;"Resign";36;"CHAIYAPHUM";13/1/1991 0:00:00;3.57
2552;336781;40;"Graduated";1;"BANGKOK";3/12/1990 0:00:00;2.91
2552;336782;40;"Graduated";1;"BANGKOK";4/5/1991 0:00:00;2.8
2552;336783;40;"Graduated";1;"BANGKOK";6/3/1990 0:00:00;2.46
2552;336784;55;"Resign";80;"NAKHON SI THAMMARAT";4/11/1990 0:00:00;3.33
2552;336785;40;"Graduated";1;"BANGKOK";22/8/1990 0:00:00;3.11
2552;336786;40;"Graduated";34;"UBON RATCHATHANI";16/2/1990 0:00:00;3.08
2552;336787;40;"Graduated";1;"BANGKOK";10/10/1989 0:00:00;3.1
2553;344128;10;"Normal";15;"LOP BURI";28/12/1991 0:00:00;3.63
2553;344129;40;"Graduated";30;"NAKHON RATCHASIMA";10/8/1991 0:00:00;3.85
2553;344130;40;"Graduated";1;"BANGKOK";28/8/1991 0:00:00;3.78
2553;344131;40;"Graduated";12;"PATHUM THANI";4/3/1992 0:00:00;3.71
2553;344132;40;"Graduated";12;"PATHUM THANI";12/2/1992 0:00:00;3.56
2553;344245;40;"Graduated";1;"BANGKOK";26/9/1991 0:00:00;3.04
2553;344708;40;"Graduated";1;"BANGKOK";19/3/1992 0:00:00;3.13
2553;344709;40;"Graduated";20;"CHON BURI";15/3/1992 0:00:00;3.67
2553;344710;80;"Dismissed Not Enroll";32;"SURIN";23/11/1991 0:00:00;3.67
2553;344711;40;"Graduated";36;"CHAIYAPHUM";25/9/1991 0:00:00;3.76
2553;344712;40;"Graduated";52;"LAMPANG";13/12/1991 0:00:00;3.12
2553;345353;40;"Graduated";1;"BANGKOK";24/9/1989 0:00:00;3.67
2552;316643;90;"Not Registration for New Students";31;"BURI RAM";;
2552;316644;40;"Graduated";12;"PATHUM THANI";30/8/1991 0:00:00;3.32
2552;316645;61;"Dismissed GPAX < 1.50";48;"NAKHON PHANOM";20/9/1990 0:00:00;3.19
2552;316646;61;"Dismissed GPAX < 1.50";14;"ANG THONG";29/5/1990 0:00:00;3.01
2552;316647;55;"Resign";31;"BURI RAM";15/10/1990 0:00:00;3.24
2552;316757;61;"Dismissed GPAX < 1.50";1;"BANGKOK";4/4/1991 0:00:00;2.77
2552;321848;40;"Graduated";96;"NARATHIWAT";26/10/1991 0:00:00;3.62
2552;321849;40;"Graduated";13;"PHRA NAKHON SI AYUTTHAYA";9/7/1990 0:00:00;3.56
2552;321850;40;"Graduated";1;"BANGKOK";19/2/1991 0:00:00;3.64
2552;324840;40;"Graduated";32;"SURIN";30/10/1989 0:00:00;2.37
2552;324842;80;"Dismissed Not Enroll";1;"BANGKOK";7/10/1985 0:00:00;1.93
2552;325073;61;"Dismissed GPAX < 1.50";84;"SURAT THANI";28/7/1990 0:00:00;3.03
2552;329171;40;"Graduated";22;"CHANTHABURI";29/6/1990 0:00:00;3.38
2552;329172;40;"Graduated";42;"LOEI";5/6/1991 0:00:00;3.69
2552;329173;40;"Graduated";34;"UBON RATCHATHANI";17/7/1989 0:00:00;3.52
2552;329174;40;"Graduated";1;"BANGKOK";1/1/1991 0:00:00;3.69
2552;329175;40;"Graduated";1;"BANGKOK";4/12/1990 0:00:00;3.69
2552;329176;40;"Graduated";20;"CHON BURI";13/12/1990 0:00:00;3.68
2552;329177;40;"Graduated";23;"TRAT";22/8/1989 0:00:00;3.73
2552;329178;55;"Resign";23;"TRAT";14/9/1990 0:00:00;3.31
2552;329179;80;"Dismissed Not Enroll";51;"LAMPHUN";6/10/1990 0:00:00;3.63
2552;329180;40;"Graduated";1;"BANGKOK";27/8/1990 0:00:00;3.75
2552;329181;40;"Graduated";23;"TRAT";15/5/1991 0:00:00;3.62
2552;329182;40;"Graduated";20;"CHON BURI";28/1/1991 0:00:00;3.48
2552;329183;40;"Graduated";1;"BANGKOK";19/1/1989 0:00:00;3.61
2552;329184;40;"Graduated";76;"PHETCHABURI";15/8/1990 0:00:00;3.58
2552;329185;40;"Graduated";41;"UDON THANI";3/7/1990 0:00:00;3.57
2552;329186;40;"Graduated";92;"TRANG";2/7/1991 0:00:00;3.51
2552;329187;40;"Graduated";66;"PHICHIT";7/8/1990 0:00:00;3.87
2552;329188;40;"Graduated";1;"BANGKOK";27/3/1991 0:00:00;3.32
2552;329189;40;"Graduated";20;"CHON BURI";2/11/1990 0:00:00;3.76
2552;329190;40;"Graduated";72;"SUPHAN BURI";20/10/1990 0:00:00;3.59
2552;329191;40;"Graduated";13;"PHRA NAKHON SI AYUTTHAYA";31/5/1991 0:00:00;3.53
2552;329192;40;"Graduated";21;"RAYONG";4/3/1991 0:00:00;3.88
2552;329193;40;"Graduated";1;"BANGKOK";5/10/1990 0:00:00;3.5
2552;329194;40;"Graduated";84;"SURAT THANI";22/3/1991 0:00:00;3.89
2552;329195;40;"Graduated";1;"BANGKOK";25/3/1991 0:00:00;3.33
2552;329196;40;"Graduated";22;"CHANTHABURI";15/12/1990 0:00:00;3.68
2552;329197;40;"Graduated";95;"YALA";2/10/1989 0:00:00;3.24
2552;329198;40;"Graduated";11;"NONTHABURI";2/5/1991 0:00:00;3.61
2552;329199;55;"Resign";1;"BANGKOK";4/12/1990 0:00:00;3.37
2552;329200;40;"Graduated";1;"BANGKOK";26/5/1991 0:00:00;3.67
2552;329201;40;"Graduated";1;"BANGKOK";14/3/1991 0:00:00;3.58
2552;329202;40;"Graduated";30;"NAKHON RATCHASIMA";30/3/1991 0:00:00;3.57
2552;329203;40;"Graduated";24;"CHACHOENGSAO";21/6/1990 0:00:00;3.67
2552;329204;40;"Graduated";12;"PATHUM THANI";4/3/1991 0:00:00;3.76
2552;329205;40;"Graduated";1;"BANGKOK";25/6/1991 0:00:00;3.56
2552;329206;55;"Resign";34;"UBON RATCHATHANI";12/11/1990 0:00:00;3.74
2552;329207;40;"Graduated";84;"SURAT THANI";2/8/1990 0:00:00;3.55
2552;329208;40;"Graduated";1;"BANGKOK";11/3/1991 0:00:00;3.77
2552;329209;40;"Graduated";1;"BANGKOK";16/8/1990 0:00:00;3.25
2552;329210;55;"Resign";19;"SAMUT PRAKAN";26/7/1990 0:00:00;3.58
2552;329211;40;"Graduated";1;"BANGKOK";23/8/1990 0:00:00;3.39
2552;329212;40;"Graduated";1;"BANGKOK";20/1/1991 0:00:00;3.56
2552;329213;55;"Resign";19;"SAMUT PRAKAN";11/4/1991 0:00:00;3.44
2552;329214;40;"Graduated";11;"NONTHABURI";24/6/1991 0:00:00;3.76
2552;329215;40;"Graduated";57;"CHIANG RAI";19/4/1991 0:00:00;3.42
2552;329216;40;"Graduated";1;"BANGKOK";30/11/1990 0:00:00;3.63
2552;329217;40;"Graduated";1;"BANGKOK";24/8/1990 0:00:00;3.46
2552;329218;40;"Graduated";30;"NAKHON RATCHASIMA";10/3/1990 0:00:00;3.78
2552;329219;40;"Graduated";15;"LOP BURI";28/4/1991 0:00:00;3.47
2552;329220;92;"Disclaim / Not Interview";10;;;
2552;329221;55;"Resign";17;"CHAI NAT";22/11/1990 0:00:00;3.75
2552;329222;40;"Graduated";27;"SA KAEO";17/2/1991 0:00:00;3.69
2552;329223;40;"Graduated";1;"BANGKOK";3/4/1991 0:00:00;3.26
2552;329224;92;"Disclaim / Not Interview";30;"NAKHON RATCHASIMA";;
2552;329225;40;"Graduated";1;"BANGKOK";31/5/1990 0:00:00;3.11
2552;329226;40;"Graduated";32;"SURIN";28/2/1991 0:00:00;3.43
2552;329227;92;"Disclaim / Not Interview";10;;;
2552;329228;92;"Disclaim / Not Interview";32;"SURIN";;
2552;329229;40;"Graduated";90;"SONGKHLA";25/1/1991 0:00:00;3.32
2552;329230;40;"Graduated";61;"UTHAI THANI";20/7/1990 0:00:00;3.62
2552;329231;40;"Graduated";1;"BANGKOK";13/6/1991 0:00:00;3.76
2552;329232;40;"Graduated";1;"BANGKOK";27/8/1991 0:00:00;3.72
2552;329233;40;"Graduated";22;"CHANTHABURI";22/7/1991 0:00:00;3.68
2552;329234;40;"Graduated";74;"SAMUT SAKHON";19/6/1990 0:00:00;3.33
2552;329235;40;"Graduated";18;"SARABURI";16/5/1991 0:00:00;3.45
2552;329236;55;"Resign";18;"SARABURI";28/5/1991 0:00:00;3.32
2552;329237;40;"Graduated";86;"CHUMPHON";20/12/1990 0:00:00;3.54
2552;329238;55;"Resign";1;"BANGKOK";9/10/1990 0:00:00;3.6
2552;329239;40;"Graduated";1;"BANGKOK";20/9/1990 0:00:00;3.16
2552;329240;40;"Graduated";45;"ROI ET";1/11/1989 0:00:00;3.45
2552;336701;40;"Graduated";1;"BANGKOK";11/9/1989 0:00:00;3.3
2552;336702;55;"Resign";40;"KHON KAEN";19/9/1989 0:00:00;3.48
2552;336703;55;"Resign";18;"SARABURI";7/6/1990 0:00:00;3.57
2552;336704;55;"Resign";41;"UDON THANI";10/5/1989 0:00:00;3.19
2552;336705;40;"Graduated";1;"BANGKOK";17/12/1990 0:00:00;3.15
2552;336706;40;"Graduated";18;"SARABURI";26/9/1990 0:00:00;3.1
2552;336707;55;"Resign";30;"NAKHON RATCHASIMA";7/9/1991 0:00:00;3.3
2552;336708;40;"Graduated";1;"BANGKOK";8/1/1991 0:00:00;3.25
2552;336709;55;"Resign";76;"PHETCHABURI";21/3/1991 0:00:00;3.51
2552;336710;40;"Graduated";60;"NAKHON SAWAN";6/8/1990 0:00:00;3.37
2552;336711;55;"Resign";1;"BANGKOK";12/11/1991 0:00:00;3.9
2552;336712;40;"Graduated";57;"CHIANG RAI";5/5/1991 0:00:00;3.17
2552;336713;80;"Dismissed Not Enroll";1;"BANGKOK";10/10/1990 0:00:00;3.4
2552;336714;40;"Graduated";1;"BANGKOK";4/1/1991 0:00:00;3.11
2552;336715;40;"Graduated";53;"UTTARADIT";25/9/1990 0:00:00;3.12
2552;336716;40;"Graduated";1;"BANGKOK";14/5/1991 0:00:00;3.12
2552;336717;61;"Dismissed GPAX < 1.50";12;"PATHUM THANI";1/5/1990 0:00:00;3.17
2552;336718;10;"Normal";41;"UDON THANI";26/6/1990 0:00:00;3.28
2552;336719;40;"Graduated";1;"BANGKOK";4/10/1989 0:00:00;3.35
2552;336720;40;"Graduated";1;"BANGKOK";22/10/1989 0:00:00;3.26
2552;336721;40;"Graduated";27;"SA KAEO";18/2/1991 0:00:00;3.26
2552;336722;40;"Graduated";44;"MAHA SARAKHAM";15/7/1990 0:00:00;3.15
2552;336723;40;"Graduated";27;"SA KAEO";2/6/1991 0:00:00;3.33
2552;336724;40;"Graduated";21;"RAYONG";21/11/1991 0:00:00;3.38
2552;336725;61;"Dismissed GPAX < 1.50";21;"RAYONG";14/8/1989 0:00:00;3.29
2552;336726;62;"Dismissed GPAX < 2.00";1;"BANGKOK";18/5/1989 0:00:00;3.17
2552;336727;40;"Graduated";12;"PATHUM THANI";13/11/1990 0:00:00;2.96
2552;336728;40;"Graduated";1;"BANGKOK";23/9/1991 0:00:00;2.96
2552;336729;90;"Not Registration for New Students";10;;;
2552;336730;62;"Dismissed GPAX < 2.00";11;"NONTHABURI";15/5/1990 0:00:00;2.54
2552;336731;40;"Graduated";66;"PHICHIT";6/6/1990 0:00:00;3.14
2552;336732;40;"Graduated";1;"BANGKOK";23/4/1990 0:00:00;2.6
2552;336733;55;"Resign";93;"PHATTHALUNG";12/4/1990 0:00:00;3.4
2552;336734;40;"Graduated";13;"PHRA NAKHON SI AYUTTHAYA";6/7/1989 0:00:00;3.25
2552;336735;40;"Graduated";1;"BANGKOK";18/6/1991 0:00:00;3.18
2552;336736;40;"Graduated";1;"BANGKOK";2/11/1990 0:00:00;2.87
2552;336737;10;"Normal";1;"BANGKOK";5/10/1990 0:00:00;2.55
2552;336738;61;"Dismissed GPAX < 1.50";1;"BANGKOK";30/5/1990 0:00:00;2.64
2552;336739;40;"Graduated";74;"SAMUT SAKHON";29/10/1990 0:00:00;3.61
2552;336740;55;"Resign";1;"BANGKOK";25/2/1991 0:00:00;3.39
2552;336741;55;"Resign";1;"BANGKOK";16/8/1990 0:00:00;2.67
2552;336742;40;"Graduated";1;"BANGKOK";27/4/1990 0:00:00;2.6
2552;336743;40;"Graduated";11;"NONTHABURI";13/10/1989 0:00:00;2.47
2552;336744;61;"Dismissed GPAX < 1.50";15;"LOP BURI";17/8/1982 0:00:00;2.73
2552;336745;40;"Graduated";1;"BANGKOK";8/4/1991 0:00:00;3.44
2552;336746;40;"Graduated";1;"BANGKOK";21/2/1991 0:00:00;3.01
2552;336747;40;"Graduated";1;"BANGKOK";19/12/1989 0:00:00;2.97
2552;336748;10;"Normal";62;"KAMPHAENG PHET";19/8/1988 0:00:00;3.58
2553;351659;40;"Graduated";20;"CHON BURI";21/12/1991 0:00:00;3.8
2553;351660;40;"Graduated";66;"PHICHIT";18/1/1992 0:00:00;3.36
2553;351661;40;"Graduated";1;"BANGKOK";23/7/1991 0:00:00;3.18
2553;351662;40;"Graduated";1;"BANGKOK";18/11/1991 0:00:00;3.41
2553;351663;40;"Graduated";1;"BANGKOK";16/6/1992 0:00:00;2.61
2553;351664;40;"Graduated";20;"CHON BURI";5/8/1991 0:00:00;3.02
2553;351665;10;"Normal";1;"BANGKOK";4/12/1991 0:00:00;3.72
2553;351666;40;"Graduated";74;"SAMUT SAKHON";6/8/1991 0:00:00;2.76
2553;351667;80;"Dismissed Not Enroll";1;"BANGKOK";12/1/1991 0:00:00;3.62
2553;351668;40;"Graduated";1;"BANGKOK";15/1/1992 0:00:00;3.72
2553;351669;40;"Graduated";32;"SURIN";27/11/1991 0:00:00;3.33
2553;351670;10;"Normal";86;"CHUMPHON";28/6/1992 0:00:00;3.29
2553;351671;40;"Graduated";1;"BANGKOK";8/2/1992 0:00:00;3.64
2553;351672;40;"Graduated";1;"BANGKOK";2/4/1992 0:00:00;3.46
2553;351673;40;"Graduated";1;"BANGKOK";19/8/1991 0:00:00;3.24
2553;351674;40;"Graduated";41;"UDON THANI";25/8/1990 0:00:00;3.12
2553;351675;40;"Graduated";95;"YALA";12/3/1992 0:00:00;3
2553;351676;40;"Graduated";1;"BANGKOK";18/5/1992 0:00:00;3.51
2553;351677;40;"Graduated";76;"PHETCHABURI";14/8/1991 0:00:00;3.52
2553;351678;40;"Graduated";80;"NAKHON SI THAMMARAT";28/10/1991 0:00:00;3.67
2553;351679;92;"Disclaim / Not Interview";10;;;
2553;351680;40;"Graduated";30;"NAKHON RATCHASIMA";3/3/1991 0:00:00;3.43
2553;351681;10;"Normal";11;"NONTHABURI";19/11/1991 0:00:00;3.13
2553;351682;40;"Graduated";11;"NONTHABURI";28/9/1991 0:00:00;3.53
2553;351683;40;"Graduated";16;"SING BURI";13/2/1992 0:00:00;3.6
2553;351684;40;"Graduated";86;"CHUMPHON";18/11/1990 0:00:00;3.33
2553;351685;40;"Graduated";1;"BANGKOK";29/6/1992 0:00:00;3.54
2553;351686;55;"Resign";1;"BANGKOK";5/8/1991 0:00:00;3.04
2553;351687;40;"Graduated";1;"BANGKOK";21/6/1991 0:00:00;3.55
2553;351688;55;"Resign";27;"SA KAEO";10/8/1992 0:00:00;3.74
2553;351689;55;"Resign";19;"SAMUT PRAKAN";2/10/1991 0:00:00;3.31
2553;351690;40;"Graduated";1;"BANGKOK";2/8/1992 0:00:00;3.37
2553;351691;40;"Graduated";24;"CHACHOENGSAO";15/9/1991 0:00:00;3.6
2553;351692;40;"Graduated";11;"NONTHABURI";12/1/1992 0:00:00;3.43
2553;351693;40;"Graduated";90;"SONGKHLA";8/8/1991 0:00:00;3.4
2553;351694;40;"Graduated";13;"PHRA NAKHON SI AYUTTHAYA";18/2/1992 0:00:00;3.03
2553;351695;40;"Graduated";15;"LOP BURI";24/11/1991 0:00:00;3.57
2553;351696;90;"Not Registration for New Students";13;"PHRA NAKHON SI AYUTTHAYA";2/9/1990 0:00:00;3.69
2553;351697;40;"Graduated";60;"NAKHON SAWAN";18/5/1991 0:00:00;2.91
2553;351698;40;"Graduated";20;"CHON BURI";12/3/1992 0:00:00;3.46
2553;351699;10;"Normal";19;"SAMUT PRAKAN";7/9/1991 0:00:00;3.04
2553;351700;40;"Graduated";23;"TRAT";23/12/1991 0:00:00;3.22
2553;351701;40;"Graduated";12;"PATHUM THANI";6/4/1991 0:00:00;3.18
2553;351702;40;"Graduated";92;"TRANG";21/11/1991 0:00:00;3.31
2553;351703;40;"Graduated";1;"BANGKOK";20/3/1992 0:00:00;3.65
2553;351704;40;"Graduated";19;"SAMUT PRAKAN";6/11/1991 0:00:00;3.32
2553;351705;92;"Disclaim / Not Interview";45;"ROI ET";;
2553;351706;55;"Resign";45;"ROI ET";4/12/1991 0:00:00;3.93
2553;351707;92;"Disclaim / Not Interview";40;"KHON KAEN";;
2553;351708;40;"Graduated";13;"PHRA NAKHON SI AYUTTHAYA";13/12/1991 0:00:00;3.45
2553;351709;40;"Graduated";95;"YALA";5/2/1992 0:00:00;3.13
2553;351710;55;"Resign";30;"NAKHON RATCHASIMA";20/6/1991 0:00:00;3.18
2553;351711;40;"Graduated";13;"PHRA NAKHON SI AYUTTHAYA";26/8/1991 0:00:00;2.84
2553;351712;40;"Graduated";1;"BANGKOK";14/10/1989 0:00:00;3.67
2553;351713;90;"Not Registration for New Students";10;;;
2553;351714;40;"Graduated";95;"YALA";18/2/1991 0:00:00;3.28
2553;351715;10;"Normal";22;"CHANTHABURI";23/5/1991 0:00:00;3.77
2553;351716;40;"Graduated";1;"BANGKOK";17/9/1992 0:00:00;3.11
2553;351717;40;"Graduated";96;"NARATHIWAT";13/9/1991 0:00:00;3.44
2553;351718;55;"Resign";19;"SAMUT PRAKAN";28/12/1991 0:00:00;3.44
2553;351719;40;"Graduated";72;"SUPHAN BURI";13/11/1990 0:00:00;3.85
2553;351720;92;"Disclaim / Not Interview";34;"UBON RATCHATHANI";;
2553;351721;55;"Resign";70;"RATCHABURI";7/6/1992 0:00:00;2.82
2553;351722;40;"Graduated";92;"TRANG";6/5/1991 0:00:00;3.35
2553;351723;92;"Disclaim / Not Interview";10;;;
2553;351724;40;"Graduated";1;"BANGKOK";11/12/1992 0:00:00;2.81
2553;351725;40;"Graduated";71;"KANCHANABURI";24/3/1991 0:00:00;3.25
2553;351726;40;"Graduated";71;"KANCHANABURI";7/11/1991 0:00:00;3.42
2553;351727;40;"Graduated";55;"NAN";13/6/1991 0:00:00;3.28
2553;351728;10;"Normal";90;"SONGKHLA";26/3/1992 0:00:00;3.27
2553;351729;55;"Resign";64;"SUKHOTHAI";3/4/1992 0:00:00;3.15
2553;351730;40;"Graduated";1;"BANGKOK";31/3/1992 0:00:00;3.12
2553;351731;55;"Resign";34;"UBON RATCHATHANI";5/5/1992 0:00:00;3.32
2553;351732;40;"Graduated";24;"CHACHOENGSAO";24/3/1992 0:00:00;3.71
2553;351733;10;"Normal";62;"KAMPHAENG PHET";4/10/1991 0:00:00;3.14
2553;351734;40;"Graduated";1;"BANGKOK";19/12/1990 0:00:00;3.61
2553;351735;40;"Graduated";71;"KANCHANABURI";2/7/1990 0:00:00;3.59
2553;351736;40;"Graduated";20;"CHON BURI";24/5/1991 0:00:00;3.67
2553;351737;10;"Normal";76;"PHETCHABURI";21/9/1991 0:00:00;2.99
2553;351738;80;"Dismissed Not Enroll";46;"KALASIN";3/3/1991 0:00:00;3.84
2553;352721;40;"Graduated";20;"CHON BURI";4/2/1992 0:00:00;3.47
2553;352722;40;"Graduated";1;"BANGKOK";28/3/1992 0:00:00;3.25
2553;352723;40;"Graduated";1;"BANGKOK";11/10/1992 0:00:00;2.87
2553;352724;40;"Graduated";1;"BANGKOK";31/7/1992 0:00:00;3.54
2553;352725;55;"Resign";39;"NONG BUA LAM PHU";27/7/1991 0:00:00;3.63
2553;352726;40;"Graduated";71;"KANCHANABURI";4/11/1991 0:00:00;3.18
2553;352727;80;"Dismissed Not Enroll";19;"SAMUT PRAKAN";22/9/1991 0:00:00;2.97
2553;352728;40;"Graduated";13;"PHRA NAKHON SI AYUTTHAYA";17/7/1991 0:00:00;2.85
2553;352729;10;"Normal";95;"YALA";20/6/1991 0:00:00;3.45
2553;352730;40;"Graduated";1;"BANGKOK";28/8/1992 0:00:00;3.13
2553;352731;40;"Graduated";32;"SURIN";8/8/1991 0:00:00;3.51
2553;352732;40;"Graduated";1;"BANGKOK";13/11/1992 0:00:00;3.12
2553;352733;40;"Graduated";67;"PHETCHABUN";29/6/1992 0:00:00;3.56
2553;352734;40;"Graduated";1;"BANGKOK";4/1/1992 0:00:00;3.31
2553;352735;92;"Disclaim / Not Interview";90;"SONGKHLA";;
2553;352736;90;"Not Registration for New Students";10;;;
2553;352737;90;"Not Registration for New Students";76;"PHETCHABURI";;
2553;352738;80;"Dismissed Not Enroll";18;"SARABURI";18/8/1991 0:00:00;3.11
2553;352739;40;"Graduated";1;"BANGKOK";10/2/1992 0:00:00;2.84
2553;352740;10;"Normal";1;"BANGKOK";6/12/1991 0:00:00;3.15
2553;354652;55;"Resign";23;"TRAT";16/1/1992 0:00:00;3.22
2553;354653;80;"Dismissed Not Enroll";34;"UBON RATCHATHANI";17/8/1989 0:00:00;3.42
2553;354654;40;"Graduated";1;"BANGKOK";10/2/1992 0:00:00;3.29
2553;354655;90;"Not Registration for New Students";72;"SUPHAN BURI";;
2553;354656;90;"Not Registration for New Students";10;;;
2553;354657;40;"Graduated";1;"BANGKOK";11/1/1991 0:00:00;3.45
2553;354658;10;"Normal";40;"KHON KAEN";17/7/1989 0:00:00;3.49
2553;354659;40;"Graduated";92;"TRANG";26/6/1990 0:00:00;3.29
2553;354660;40;"Graduated";13;"PHRA NAKHON SI AYUTTHAYA";15/12/1990 0:00:00;3.74
2553;354661;40;"Graduated";19;"SAMUT PRAKAN";18/8/1990 0:00:00;3.19
2553;354662;55;"Resign";1;"BANGKOK";7/10/1990 0:00:00;3.08
2553;354663;90;"Not Registration for New Students";10;;;
2553;354664;40;"Graduated";41;"UDON THANI";8/3/1992 0:00:00;3.27
2553;354665;90;"Not Registration for New Students";10;;;
2553;354666;40;"Graduated";14;"ANG THONG";30/3/1992 0:00:00;3.21
2553;354667;40;"Graduated";1;"BANGKOK";6/7/1992 0:00:00;3.1
2553;354668;90;"Not Registration for New Students";42;"LOEI";;
2553;354669;40;"Graduated";1;"BANGKOK";14/12/1991 0:00:00;3.66
2553;354670;40;"Graduated";36;"CHAIYAPHUM";4/10/1991 0:00:00;3.94
2553;354671;40;"Graduated";20;"CHON BURI";17/12/1991 0:00:00;3.43
2553;354672;10;"Normal";14;"ANG THONG";1/2/1992 0:00:00;3.29
2553;354673;10;"Normal";40;"KHON KAEN";12/11/1991 0:00:00;3.16
2553;354674;55;"Resign";1;"BANGKOK";23/2/1992 0:00:00;3.53
2553;354675;90;"Not Registration for New Students";30;"NAKHON RATCHASIMA";;
2553;354676;90;"Not Registration for New Students";10;;;
2553;354677;10;"Normal";85;"RANONG";7/4/1991 0:00:00;3.21
2553;354678;40;"Graduated";1;"BANGKOK";16/1/1992 0:00:00;3.1
2553;354679;90;"Not Registration for New Students";31;"BURI RAM";;
2553;354680;40;"Graduated";40;"KHON KAEN";19/9/1989 0:00:00;3.43
2553;354681;55;"Resign";18;"SARABURI";21/2/1992 0:00:00;3.08
2553;361060;40;"Graduated";90;"SONGKHLA";9/4/1985 0:00:00;3.61
2553;361061;80;"Dismissed Not Enroll";74;"SAMUT SAKHON";25/8/1990 0:00:00;3.28
2553;361062;40;"Graduated";1;"BANGKOK";14/9/1991 0:00:00;3.16
2553;361063;10;"Normal";19;"SAMUT PRAKAN";18/8/1989 0:00:00;2.73
2553;361064;10;"Normal";1;"BANGKOK";16/8/1990 0:00:00;2.7
2553;361065;61;"Dismissed GPAX < 1.50";11;"NONTHABURI";19/4/1992 0:00:00;2.67
2553;361066;40;"Graduated";1;"BANGKOK";5/1/1987 0:00:00;2.77
2553;361067;90;"Not Registration for New Students";10;;;
2553;361068;55;"Resign";1;"BANGKOK";21/4/1992 0:00:00;2.9
2553;361069;55;"Resign";13;"PHRA NAKHON SI AYUTTHAYA";15/6/1992 0:00:00;2.62
2553;361070;40;"Graduated";1;"BANGKOK";13/2/1992 0:00:00;2.67
2553;361071;80;"Dismissed Not Enroll";1;"BANGKOK";12/9/1991 0:00:00;2.46
2553;361072;40;"Graduated";36;"CHAIYAPHUM";11/6/1991 0:00:00;3.93
2553;361073;40;"Graduated";64;"SUKHOTHAI";21/1/1991 0:00:00;3.75
2553;361074;90;"Not Registration for New Students";10;;;
2553;361075;40;"Graduated";31;"BURI RAM";5/3/1990 0:00:00;3.44
2553;361076;10;"Normal";1;"BANGKOK";14/5/1991 0:00:00;3.36
2553;361077;40;"Graduated";19;"SAMUT PRAKAN";4/3/1992 0:00:00;3.17
2553;361078;40;"Graduated";76;"PHETCHABURI";3/8/1990 0:00:00;3.29
2553;361079;10;"Normal";1;"BANGKOK";27/8/1991 0:00:00;3.33
2553;361080;40;"Graduated";1;"BANGKOK";29/11/1991 0:00:00;3.61
2553;361081;80;"Dismissed Not Enroll";1;"BANGKOK";18/6/1991 0:00:00;3.63
2553;361082;80;"Dismissed Not Enroll";33;"SI SA KET";20/8/1987 0:00:00;3.67
2553;361083;90;"Not Registration for New Students";10;;;
2553;361084;80;"Dismissed Not Enroll";12;"PATHUM THANI";20/9/1991 0:00:00;3.27
2553;361085;85;"Death";57;"CHIANG RAI";26/3/1990 0:00:00;3.31
2553;361086;40;"Graduated";12;"PATHUM THANI";20/9/1989 0:00:00;2.98
2553;361087;55;"Resign";67;"PHETCHABUN";14/3/1991 0:00:00;2.9
2553;361088;80;"Dismissed Not Enroll";1;"BANGKOK";9/2/1991 0:00:00;0
2553;361089;55;"Resign";11;"NONTHABURI";8/3/1992 0:00:00;3.4
2553;361090;90;"Not Registration for New Students";19;"SAMUT PRAKAN";25/11/1991 0:00:00;3.22
2553;361091;61;"Dismissed GPAX < 1.50";1;"BANGKOK";2/7/1992 0:00:00;1.92
2553;361092;90;"Not Registration for New Students";70;"RATCHABURI";;
2553;361093;40;"Graduated";1;"BANGKOK";19/4/1992 0:00:00;2.37
2553;361094;55;"Resign";1;"BANGKOK";9/10/1991 0:00:00;2.49
2553;361095;40;"Graduated";84;"SURAT THANI";28/4/1991 0:00:00;2.43
2553;361096;40;"Graduated";20;"CHON BURI";23/2/1992 0:00:00;2.93
2553;361097;62;"Dismissed GPAX < 2.00";1;"BANGKOK";15/5/1992 0:00:00;2.21
2553;361098;62;"Dismissed GPAX < 2.00";1;"BANGKOK";6/4/1992 0:00:00;2.57
2554;368306;10;"Normal";80;"NAKHON SI THAMMARAT";8/8/1992 0:00:00;3.15
2554;368307;55;"Resign";11;"NONTHABURI";3/6/1993 0:00:00;3.85
2554;368308;10;"Normal";11;"NONTHABURI";25/2/1993 0:00:00;3.79
2554;368309;10;"Normal";74;"SAMUT SAKHON";28/9/1993 0:00:00;3.68
2554;368310;10;"Normal";75;"SAMUT SONGKHRAM";30/12/1991 0:00:00;3.27
2554;368912;10;"Normal";48;"NAKHON PHANOM";14/11/1992 0:00:00;3.17
2554;369348;90;"Not Registration for New Students";33;"SI SA KET";27/10/1992 0:00:00;3.37
2554;369349;10;"Normal";20;"CHON BURI";30/10/1992 0:00:00;3.54
2554;369350;10;"Normal";72;"SUPHAN BURI";9/12/1992 0:00:00;3.01
2554;369351;10;"Normal";33;"SI SA KET";18/2/1993 0:00:00;3.05
2554;369352;10;"Normal";72;"SUPHAN BURI";2/9/1992 0:00:00;3.26
2554;369353;10;"Normal";72;"SUPHAN BURI";14/2/1993 0:00:00;3.08
2554;369468;10;"Normal";1;"BANGKOK";19/12/1992 0:00:00;3.06
2554;369502;10;"Normal";32;"SURIN";12/2/1991 0:00:00;3.61
2554;379754;10;"Normal";1;"BANGKOK";5/8/1992 0:00:00;2.79
2554;379755;10;"Normal";22;"CHANTHABURI";10/10/1992 0:00:00;3.63
2554;379756;80;"Dismissed Not Enroll";71;"KANCHANABURI";29/9/1992 0:00:00;3.38
2554;379757;10;"Normal";1;"BANGKOK";24/8/1992 0:00:00;3.66
2554;379758;10;"Normal";13;"PHRA NAKHON SI AYUTTHAYA";19/5/1993 0:00:00;2.94
2554;379759;10;"Normal";12;"PATHUM THANI";9/9/1992 0:00:00;3.75
2554;379760;10;"Normal";1;"BANGKOK";12/11/1993 0:00:00;3.72
2554;379761;10;"Normal";74;"SAMUT SAKHON";31/10/1992 0:00:00;3.32
2554;379762;10;"Normal";1;"BANGKOK";25/9/1992 0:00:00;3.61
2554;379763;10;"Normal";14;"ANG THONG";17/8/1992 0:00:00;3.47
2554;379764;80;"Dismissed Not Enroll";46;"KALASIN";1/1/1993 0:00:00;3.56
2554;379765;10;"Normal";84;"SURAT THANI";18/1/1993 0:00:00;3.46
2554;379766;10;"Normal";85;"RANONG";28/2/1993 0:00:00;3.4
2554;379767;90;"Not Registration for New Students";26;"NAKHON NAYOK";;
2554;379768;10;"Normal";90;"SONGKHLA";31/8/1991 0:00:00;3.42
2554;379769;92;"Disclaim / Not Interview";10;;;
2554;379770;10;"Normal";15;"LOP BURI";11/4/1993 0:00:00;3.55
2554;379771;55;"Resign";30;"NAKHON RATCHASIMA";24/1/1993 0:00:00;3.58
2554;379772;10;"Normal";1;"BANGKOK";14/6/1992 0:00:00;3.42
2554;379773;10;"Normal";90;"SONGKHLA";4/12/2011 0:00:00;3.33
2554;379774;10;"Normal";84;"SURAT THANI";16/6/1992 0:00:00;3.38
2554;379775;80;"Dismissed Not Enroll";83;"PHUKET";28/9/1992 0:00:00;3.11
2554;379776;10;"Normal";67;"PHETCHABUN";14/4/1992 0:00:00;3.62
2554;379777;10;"Normal";1;"BANGKOK";4/8/1993 0:00:00;3.46
2554;379778;92;"Disclaim / Not Interview";55;"NAN";;
2554;379779;10;"Normal";54;"PHRAE";27/9/1992 0:00:00;3.84
2554;379780;10;"Normal";1;"BANGKOK";25/9/1992 0:00:00;3.47
2554;379781;10;"Normal";73;"NAKHON PATHOM";30/10/1992 0:00:00;3.42
2554;379782;55;"Resign";83;"PHUKET";3/7/1992 0:00:00;2.96
2554;379783;10;"Normal";14;"ANG THONG";24/10/1992 0:00:00;3.62
2554;379784;61;"Dismissed GPAX < 1.50";20;"CHON BURI";21/12/1992 0:00:00;3.05
2554;379785;40;"Graduated";18;"SARABURI";21/2/1992 0:00:00;3.08
2554;379786;10;"Normal";80;"NAKHON SI THAMMARAT";28/1/1990 0:00:00;3.37
2554;379787;10;"Normal";1;"BANGKOK";24/7/1992 0:00:00;3.46
2554;379788;10;"Normal";1;"BANGKOK";1/8/1992 0:00:00;3.63
2554;379789;10;"Normal";63;"TAK";22/1/1993 0:00:00;3.63
2554;379790;10;"Normal";77;"PRACHUAP KHIRI KHAN";18/4/1993 0:00:00;3.63
2554;379791;10;"Normal";18;"SARABURI";13/9/1992 0:00:00;3.11
2554;379792;55;"Resign";11;"NONTHABURI";25/8/1993 0:00:00;3.38
2554;379793;61;"Dismissed GPAX < 1.50";45;"ROI ET";21/10/1992 0:00:00;3.64
2554;379794;10;"Normal";1;"BANGKOK";2/2/1993 0:00:00;3.51
2554;379795;55;"Resign";1;"BANGKOK";17/1/1993 0:00:00;3.22
2554;379796;10;"Normal";40;"KHON KAEN";1/10/1992 0:00:00;3.44
2554;379797;55;"Resign";12;"PATHUM THANI";11/10/1992 0:00:00;3.63
2554;379798;80;"Dismissed Not Enroll";1;"BANGKOK";26/3/1992 0:00:00;3.62
2554;379799;10;"Normal";1;"BANGKOK";29/6/1992 0:00:00;2.68
2554;379800;55;"Resign";40;"KHON KAEN";11/3/1994 0:00:00;3.52
2554;379801;10;"Normal";15;"LOP BURI";22/2/1993 0:00:00;3.47
2554;379802;10;"Normal";31;"BURI RAM";9/1/1993 0:00:00;3.55
2554;379803;10;"Normal";11;"NONTHABURI";1/10/1992 0:00:00;3.53
2554;379804;61;"Dismissed GPAX < 1.50";1;"BANGKOK";5/9/1992 0:00:00;3.27
2554;379805;10;"Normal";1;"BANGKOK";31/1/1992 0:00:00;3.46
2554;379806;80;"Dismissed Not Enroll";30;"NAKHON RATCHASIMA";22/6/1993 0:00:00;3.68
2554;379807;10;"Normal";81;"KRABI";28/1/1993 0:00:00;3.52
2554;379808;10;"Normal";72;"SUPHAN BURI";14/10/1992 0:00:00;3.43
2554;379809;10;"Normal";23;"TRAT";14/7/1992 0:00:00;3.45
2554;379810;92;"Disclaim / Not Interview";10;;;
2554;379811;92;"Disclaim / Not Interview";60;"NAKHON SAWAN";;
2554;379812;10;"Normal";41;"UDON THANI";28/1/1992 0:00:00;3.2
2554;379813;80;"Dismissed Not Enroll";60;"NAKHON SAWAN";22/10/1992 0:00:00;3.25
2554;379814;10;"Normal";1;"BANGKOK";9/10/1992 0:00:00;3.52
2554;379815;10;"Normal";11;"NONTHABURI";28/10/1992 0:00:00;3.61
2554;379816;10;"Normal";1;"BANGKOK";5/10/1993 0:00:00;3.44
2554;379817;55;"Resign";12;"PATHUM THANI";6/7/1993 0:00:00;3.56
2554;379818;10;"Normal";11;"NONTHABURI";8/3/1992 0:00:00;3.4
2554;379819;55;"Resign";11;"NONTHABURI";7/7/1992 0:00:00;3.05
2554;379820;55;"Resign";1;"BANGKOK";22/11/1991 0:00:00;3.75
2554;379821;10;"Normal";12;"PATHUM THANI";26/8/1993 0:00:00;3.27
2554;379822;92;"Disclaim / Not Interview";34;"UBON RATCHATHANI";;
2554;379823;92;"Disclaim / Not Interview";54;"PHRAE";;
2554;380294;10;"Normal";41;"UDON THANI";1/9/1992 0:00:00;3.13
2554;380295;55;"Resign";95;"YALA";11/3/1993 0:00:00;3.01
2554;380296;55;"Resign";30;"NAKHON RATCHASIMA";29/8/1992 0:00:00;3.14
2554;380297;55;"Resign";1;"BANGKOK";29/6/1992 0:00:00;2.7
2554;380298;80;"Dismissed Not Enroll";27;"SA KAEO";16/10/1992 0:00:00;3.55
2554;380299;55;"Resign";1;"BANGKOK";4/8/1993 0:00:00;2.79
2554;380300;10;"Normal";1;"BANGKOK";18/4/1993 0:00:00;3.33
2554;380301;61;"Dismissed GPAX < 1.50";90;"SONGKHLA";28/3/1993 0:00:00;2.46
2554;380302;10;"Normal";20;"CHON BURI";31/7/1993 0:00:00;3.1
2554;380303;10;"Normal";1;"BANGKOK";31/5/1992 0:00:00;2.91
2554;380304;10;"Normal";30;"NAKHON RATCHASIMA";6/2/1990 0:00:00;3.33
2554;380305;92;"Disclaim / Not Interview";30;"NAKHON RATCHASIMA";;
2554;380306;10;"Normal";30;"NAKHON RATCHASIMA";10/12/1992 0:00:00;3.51
2554;380307;80;"Dismissed Not Enroll";1;"BANGKOK";10/9/1991 0:00:00;3.42
2554;380308;10;"Normal";44;"MAHA SARAKHAM";22/7/1991 0:00:00;3.61
2554;380309;10;"Normal";1;"BANGKOK";24/9/1991 0:00:00;2.64
2554;380310;10;"Normal";13;"PHRA NAKHON SI AYUTTHAYA";25/11/1992 0:00:00;3.33
2554;380311;92;"Disclaim / Not Interview";10;;;
2554;380312;10;"Normal";1;"BANGKOK";21/12/1992 0:00:00;2.9
2554;380313;10;"Normal";70;"RATCHABURI";2/11/1992 0:00:00;3.33
2554;381730;10;"Normal";12;"PATHUM THANI";12/8/1992 0:00:00;3.31
2554;381731;80;"Dismissed Not Enroll";12;"PATHUM THANI";14/6/1993 0:00:00;3.2
2554;381732;55;"Resign";1;"BANGKOK";15/12/1992 0:00:00;3.33
2554;381733;10;"Normal";16;"SING BURI";28/4/1993 0:00:00;3.78
2554;381734;80;"Dismissed Not Enroll";70;"RATCHABURI";13/5/1992 0:00:00;3.57
2554;381735;10;"Normal";1;"BANGKOK";29/6/1993 0:00:00;3.43
2554;381736;90;"Not Registration for New Students";10;;;
2554;381737;90;"Not Registration for New Students";10;;;
2554;381738;80;"Dismissed Not Enroll";42;"LOEI";13/6/1992 0:00:00;3.32
2554;383127;10;"Normal";30;"NAKHON RATCHASIMA";14/6/1990 0:00:00;3.49
2554;383128;90;"Not Registration for New Students";14;"ANG THONG";;
2554;383129;10;"Normal";1;"BANGKOK";18/1/1992 0:00:00;3.53
2554;383130;10;"Normal";41;"UDON THANI";1/2/1988 0:00:00;3.37
2554;383131;55;"Resign";20;"CHON BURI";7/2/1992 0:00:00;3.75
2554;383132;10;"Normal";70;"RATCHABURI";4/2/1993 0:00:00;3.41
2554;383133;10;"Normal";1;"BANGKOK";26/6/1991 0:00:00;3.43
2554;383134;10;"Normal";53;"UTTARADIT";3/8/1992 0:00:00;3.45
2554;383135;10;"Normal";44;"MAHA SARAKHAM";22/7/1992 0:00:00;3.67
2554;383136;61;"Dismissed GPAX < 1.50";41;"UDON THANI";22/10/1989 0:00:00;3.39
2554;383137;90;"Not Registration for New Students";70;"RATCHABURI";;
2554;383138;90;"Not Registration for New Students";55;"NAN";27/12/1992 0:00:00;3.34
2554;383139;10;"Normal";12;"PATHUM THANI";25/11/1992 0:00:00;3.74
2554;383140;90;"Not Registration for New Students";33;"SI SA KET";31/8/1990 0:00:00;3.58
2554;383141;10;"Normal";1;"BANGKOK";23/4/1993 0:00:00;3.39
2554;383142;10;"Normal";1;"BANGKOK";26/4/1988 0:00:00;2.46
2554;383143;80;"Dismissed Not Enroll";1;"BANGKOK";10/9/1991 0:00:00;2.85
2554;383144;62;"Dismissed GPAX < 2.00";82;"PHANGNGA";27/4/1991 0:00:00;3.31
2554;383145;10;"Normal";1;"BANGKOK";20/9/1991 0:00:00;2.27
2554;383146;10;"Normal";70;"RATCHABURI";18/12/1990 0:00:00;2.31
2554;383147;90;"Not Registration for New Students";10;;;
2554;383148;10;"Normal";53;"UTTARADIT";10/9/1990 0:00:00;2.88
2554;383149;80;"Dismissed Not Enroll";1;"BANGKOK";28/7/1992 0:00:00;2.51
2554;383150;80;"Dismissed Not Enroll";90;"SONGKHLA";14/11/1992 0:00:00;3.11
2554;383151;10;"Normal";1;"BANGKOK";21/11/1992 0:00:00;2.83
2554;383152;10;"Normal";32;"SURIN";6/4/1992 0:00:00;2.86
2554;383153;10;"Normal";1;"BANGKOK";13/7/1992 0:00:00;3.5
2554;383154;55;"Resign";12;"PATHUM THANI";30/12/1992 0:00:00;3.22
2554;383155;10;"Normal";12;"PATHUM THANI";14/2/1993 0:00:00;3.28
2554;383156;10;"Normal";11;"NONTHABURI";17/6/1992 0:00:00;3.08
2554;383157;55;"Resign";1;"BANGKOK";14/12/1991 0:00:00;3.19
2554;383158;10;"Normal";1;"BANGKOK";3/10/1992 0:00:00;2.89
2554;383159;10;"Normal";40;"KHON KAEN";13/11/1990 0:00:00;2.86
2554;383160;90;"Not Registration for New Students";10;;;
2554;383161;10;"Normal";1;"BANGKOK";5/12/1991 0:00:00;3.3
2554;383162;55;"Resign";1;"BANGKOK";3/6/1993 0:00:00;2.4
2554;383163;10;"Normal";1;"BANGKOK";20/3/1993 0:00:00;2.36
2554;383164;10;"Normal";83;"PHUKET";20/2/1993 0:00:00;3.08
2554;383165;10;"Normal";1;"BANGKOK";12/7/1993 0:00:00;2.82
2554;383166;10;"Normal";1;"BANGKOK";6/8/1992 0:00:00;2.64
2554;383167;10;"Normal";30;"NAKHON RATCHASIMA";26/9/1991 0:00:00;1.57
2554;383168;10;"Normal";84;"SURAT THANI";9/9/1992 0:00:00;2.88
2554;383169;80;"Dismissed Not Enroll";1;"BANGKOK";24/10/1992 0:00:00;2.89
2554;383170;80;"Dismissed Not Enroll";62;"KAMPHAENG PHET";4/6/1992 0:00:00;2.85
2554;383171;10;"Normal";1;"BANGKOK";27/10/1992 0:00:00;3.33
2554;383172;10;"Normal";12;"PATHUM THANI";19/6/1993 0:00:00;2.28
2554;383173;10;"Normal";1;"BANGKOK";15/4/1993 0:00:00;3.3
2554;383174;55;"Resign";34;"UBON RATCHATHANI";6/4/1993 0:00:00;2.81
2554;383175;10;"Normal";1;"BANGKOK";5/9/1992 0:00:00;3.27
2555;389412;10;"Normal";73;"NAKHON PATHOM";17/3/1993 0:00:00;3.7
2555;389413;55;"Resign";1;"BANGKOK";9/4/1994 0:00:00;3.24
2555;389414;10;"Normal";1;"BANGKOK";29/3/1994 0:00:00;3.51
2555;389415;10;"Normal";1;"BANGKOK";29/9/1994 0:00:00;3.67
2555;389416;10;"Normal";16;"SING BURI";25/2/1994 0:00:00;3.49
2555;389417;10;"Normal";11;"NONTHABURI";7/10/1995 0:00:00;3.53
2555;390269;10;"Normal";70;"RATCHABURI";17/4/1994 0:00:00;3.07
2555;390939;10;"Normal";22;"CHANTHABURI";14/7/1993 0:00:00;2.8
2555;390940;10;"Normal";54;"PHRAE";1/7/1993 0:00:00;2.96
2555;391037;10;"Normal";71;"KANCHANABURI";20/2/1993 0:00:00;3.72
2555;392359;90;"Not Registration for New Students";10;;;
2555;392360;90;"Not Registration for New Students";13;"PHRA NAKHON SI AYUTTHAYA";;
2555;392361;10;"Normal";1;"BANGKOK";8/9/1993 0:00:00;3.74
2555;392362;90;"Not Registration for New Students";10;;;
2555;392363;90;"Not Registration for New Students";10;;;
2555;392364;90;"Not Registration for New Students";10;;;
2555;392365;90;"Not Registration for New Students";30;"NAKHON RATCHASIMA";;
2555;392366;90;"Not Registration for New Students";10;;;
2555;392367;90;"Not Registration for New Students";41;"UDON THANI";;
2555;392368;10;"Normal";12;"PATHUM THANI";4/8/1993 0:00:00;3.28
2555;392369;90;"Not Registration for New Students";10;;;
2555;392370;90;"Not Registration for New Students";10;;;
2555;392371;90;"Not Registration for New Students";10;;;
2555;392372;90;"Not Registration for New Students";10;;;
2555;392373;90;"Not Registration for New Students";18;"SARABURI";18/2/1994 0:00:00;3.82
2555;393144;10;"Normal";1;"BANGKOK";19/11/1993 0:00:00;2.97
2555;393362;10;"Normal";15;"LOP BURI";10/12/1993 0:00:00;3.46
2555;393363;10;"Normal";38;"BUNGKAN";23/1/1993 0:00:00;3.67
2555;393364;55;"Resign";52;"LAMPANG";31/12/1993 0:00:00;3.26
2555;393365;10;"Normal";27;"SA KAEO";30/4/1994 0:00:00;3.9
2555;393366;10;"Normal";27;"SA KAEO";18/8/1993 0:00:00;3.11
2555;397360;80;"Dismissed Not Enroll";18;"SARABURI";23/4/1994 0:00:00;3.51
2555;397361;10;"Normal";11;"NONTHABURI";4/12/1993 0:00:00;3.41
2555;397362;92;"Disclaim / Not Interview";10;;;
2555;397363;92;"Disclaim / Not Interview";12;"PATHUM THANI";;
2555;397364;10;"Normal";72;"SUPHAN BURI";30/12/1993 0:00:00;3.73
2555;397365;10;"Normal";60;"NAKHON SAWAN";23/6/1993 0:00:00;3.21
2555;397366;92;"Disclaim / Not Interview";12;"PATHUM THANI";;
2555;397367;10;"Normal";11;"NONTHABURI";9/2/1994 0:00:00;3.47
2555;397368;10;"Normal";72;"SUPHAN BURI";2/3/1994 0:00:00;3.69
2555;397369;10;"Normal";15;"LOP BURI";12/10/1993 0:00:00;3.81
2555;397370;10;"Normal";1;"BANGKOK";17/5/1994 0:00:00;3.25
2555;397371;10;"Normal";1;"BANGKOK";6/10/1993 0:00:00;3.17
2555;397372;10;"Normal";20;"CHON BURI";18/2/1994 0:00:00;3.68
2555;397373;10;"Normal";1;"BANGKOK";12/7/1994 0:00:00;3.54
2555;397374;10;"Normal";12;"PATHUM THANI";9/10/1993 0:00:00;3.52
2555;397375;10;"Normal";21;"RAYONG";13/5/1994 0:00:00;3.27
2555;397376;10;"Normal";1;"BANGKOK";25/4/1994 0:00:00;3.13
2555;397377;10;"Normal";15;"LOP BURI";4/4/1993 0:00:00;3.27
2555;397378;10;"Normal";70;"RATCHABURI";10/5/1993 0:00:00;3.43
2555;397379;10;"Normal";11;"NONTHABURI";17/10/1994 0:00:00;3.53
2555;397380;90;"Not Registration for New Students";16;"SING BURI";28/4/1993 0:00:00;3.78
2555;397381;10;"Normal";1;"BANGKOK";21/10/1993 0:00:00;3.34
2555;397382;92;"Disclaim / Not Interview";10;;;
2555;397383;92;"Disclaim / Not Interview";30;"NAKHON RATCHASIMA";;
2555;397384;92;"Disclaim / Not Interview";10;;;
2555;397385;10;"Normal";30;"NAKHON RATCHASIMA";4/7/1994 0:00:00;3.79
2555;397386;10;"Normal";92;"TRANG";10/6/1993 0:00:00;3.18
2555;397387;92;"Disclaim / Not Interview";67;"PHETCHABUN";;
2555;397388;92;"Disclaim / Not Interview";10;;;
2555;397389;10;"Normal";74;"SAMUT SAKHON";20/4/1993 0:00:00;3.26
2555;397390;10;"Normal";19;"SAMUT PRAKAN";18/12/1993 0:00:00;3.57
2555;397391;92;"Disclaim / Not Interview";34;"UBON RATCHATHANI";;
2555;397392;10;"Normal";12;"PATHUM THANI";28/12/1993 0:00:00;3.67
2555;397393;10;"Normal";72;"SUPHAN BURI";11/4/1994 0:00:00;3.66
2555;397394;10;"Normal";1;"BANGKOK";8/11/1993 0:00:00;3.07
2555;397395;10;"Normal";1;"BANGKOK";6/9/1993 0:00:00;3.4
2555;397396;10;"Normal";1;"BANGKOK";15/9/1993 0:00:00;3.54
2555;397397;10;"Normal";18;"SARABURI";18/2/1994 0:00:00;3.82
2555;397398;10;"Normal";90;"SONGKHLA";15/7/1993 0:00:00;3.21
2555;397399;10;"Normal";80;"NAKHON SI THAMMARAT";10/10/1993 0:00:00;3.44
2555;397400;10;"Normal";1;"BANGKOK";3/7/1993 0:00:00;3.7
2555;397401;10;"Normal";1;"BANGKOK";13/10/1992 0:00:00;3.1
2555;397402;10;"Normal";15;"LOP BURI";4/10/1991 0:00:00;3.77
2555;397403;55;"Resign";40;"KHON KAEN";28/3/1994 0:00:00;3.79
2555;397404;10;"Normal";1;"BANGKOK";24/8/1993 0:00:00;3.65
2555;397405;90;"Not Registration for New Students";19;"SAMUT PRAKAN";25/10/1992 0:00:00;3.54
2555;397406;10;"Normal";12;"PATHUM THANI";20/10/1993 0:00:00;3.72
2555;397407;10;"Normal";1;"BANGKOK";17/5/1993 0:00:00;3.41
2555;397408;55;"Resign";20;"CHON BURI";9/8/1993 0:00:00;3.61
2555;397409;92;"Disclaim / Not Interview";90;"SONGKHLA";;
2555;397410;10;"Normal";45;"ROI ET";25/9/1993 0:00:00;3.42
2555;397411;92;"Disclaim / Not Interview";85;"RANONG";;
2555;397412;10;"Normal";80;"NAKHON SI THAMMARAT";27/8/1993 0:00:00;3.45
2555;397413;10;"Normal";90;"SONGKHLA";1/11/1993 0:00:00;3.13
2555;397414;55;"Resign";83;"PHUKET";14/2/1994 0:00:00;3.23
2555;397415;92;"Disclaim / Not Interview";13;"PHRA NAKHON SI AYUTTHAYA";;
2555;397416;92;"Disclaim / Not Interview";41;"UDON THANI";;
2555;397417;92;"Disclaim / Not Interview";41;"UDON THANI";;
2555;397418;10;"Normal";1;"BANGKOK";29/4/1994 0:00:00;3.73
2555;397419;10;"Normal";73;"NAKHON PATHOM";10/12/1992 0:00:00;3.73
2555;397420;92;"Disclaim / Not Interview";10;;;
2555;397421;92;"Disclaim / Not Interview";20;"CHON BURI";;
2555;397422;92;"Disclaim / Not Interview";70;"RATCHABURI";;
2555;397423;10;"Normal";1;"BANGKOK";24/12/1993 0:00:00;3.51
2555;397424;92;"Disclaim / Not Interview";10;;;
2555;397425;92;"Disclaim / Not Interview";10;;;
2555;397426;10;"Normal";1;"BANGKOK";17/12/1993 0:00:00;3.73
2555;397427;10;"Normal";1;"BANGKOK";15/12/1992 0:00:00;2.65
2555;397428;10;"Normal";1;"BANGKOK";6/11/1993 0:00:00;3.87
2555;397429;92;"Disclaim / Not Interview";67;"PHETCHABUN";;
2555;398007;10;"Normal";12;"PATHUM THANI";25/8/1993 0:00:00;3.08
2555;398008;10;"Normal";1;"BANGKOK";23/11/1993 0:00:00;3.79
2555;398009;92;"Disclaim / Not Interview";48;"NAKHON PHANOM";;
2555;398010;55;"Resign";1;"BANGKOK";18/4/1994 0:00:00;3.6
2555;398011;10;"Normal";12;"PATHUM THANI";15/3/1993 0:00:00;2.9
2555;398012;55;"Resign";70;"RATCHABURI";1/2/1993 0:00:00;2.97
2555;398013;10;"Normal";1;"BANGKOK";26/7/1993 0:00:00;3.16
2555;398014;10;"Normal";30;"NAKHON RATCHASIMA";23/8/1993 0:00:00;3.08
2555;398015;10;"Normal";11;"NONTHABURI";21/4/1993 0:00:00;3.65
2555;398016;10;"Normal";1;"BANGKOK";20/5/1993 0:00:00;3.14
2555;398017;10;"Normal";1;"BANGKOK";16/10/1992 0:00:00;2.66
2555;398018;10;"Normal";1;"BANGKOK";21/10/1992 0:00:00;3.44
2555;398019;92;"Disclaim / Not Interview";30;"NAKHON RATCHASIMA";;
2555;398020;10;"Normal";71;"KANCHANABURI";10/10/1993 0:00:00;3.7
2555;398021;92;"Disclaim / Not Interview";10;;;
2555;398022;10;"Normal";12;"PATHUM THANI";16/8/1993 0:00:00;3.05
2555;398023;80;"Dismissed Not Enroll";11;"NONTHABURI";14/6/1993 0:00:00;3.03
2555;398024;92;"Disclaim / Not Interview";30;"NAKHON RATCHASIMA";;
2555;398025;61;"Dismissed GPAX < 1.50";1;"BANGKOK";1/12/1993 0:00:00;2.61
2555;398026;10;"Normal";1;"BANGKOK";16/3/1994 0:00:00;2.91
2555;402921;90;"Not Registration for New Students";10;;;
2555;402922;10;"Normal";1;"BANGKOK";25/3/1991 0:00:00;2.47
2555;402923;10;"Normal";1;"BANGKOK";28/9/1992 0:00:00;3.02
2555;402924;10;"Normal";1;"BANGKOK";8/2/1991 0:00:00;2.42
2555;402925;10;"Normal";1;"BANGKOK";22/12/1993 0:00:00;1.92
2555;402926;80;"Dismissed Not Enroll";1;"BANGKOK";3/7/1993 0:00:00;3.05
2555;402927;10;"Normal";1;"BANGKOK";23/8/1994 0:00:00;3.1
2555;402928;55;"Resign";12;"PATHUM THANI";13/6/1994 0:00:00;3.24
2555;402929;10;"Normal";11;"NONTHABURI";29/10/1992 0:00:00;2.9
2555;402930;10;"Normal";1;"BANGKOK";24/3/1991 0:00:00;3.01
2555;402931;10;"Normal";26;"NAKHON NAYOK";20/1/1994 0:00:00;3.05
2555;402932;10;"Normal";1;"BANGKOK";15/10/1993 0:00:00;3.27
2555;402933;10;"Normal";32;"SURIN";2/12/1993 0:00:00;2.34
2555;402934;10;"Normal";1;"BANGKOK";20/1/1994 0:00:00;2.85
2555;402935;10;"Normal";20;"CHON BURI";21/12/1993 0:00:00;3.81
2555;402936;80;"Dismissed Not Enroll";1;"BANGKOK";2/9/1993 0:00:00;2.42
2555;402937;10;"Normal";19;"SAMUT PRAKAN";17/11/1990 0:00:00;2.12
2555;402938;55;"Resign";1;"BANGKOK";7/12/1993 0:00:00;3.61
2555;402939;10;"Normal";20;"CHON BURI";29/7/1992 0:00:00;2.72
2555;402940;90;"Not Registration for New Students";1;"BANGKOK";14/7/1994 0:00:00;2.72
2555;402941;10;"Normal";1;"BANGKOK";18/7/1994 0:00:00;3.43
2555;402942;10;"Normal";14;"ANG THONG";26/1/1994 0:00:00;3.06
2555;402943;10;"Normal";1;"BANGKOK";24/8/1993 0:00:00;2.3
2555;402944;55;"Resign";1;"BANGKOK";21/1/1994 0:00:00;2.99
2555;402945;10;"Normal";19;"SAMUT PRAKAN";11/11/1991 0:00:00;2.89
2555;402946;10;"Normal";14;"ANG THONG";1/10/1993 0:00:00;3.08
2555;402947;10;"Normal";1;"BANGKOK";8/5/1994 0:00:00;3.06
2555;402948;10;"Normal";1;"BANGKOK";8/4/1994 0:00:00;2.94
2555;402949;55;"Resign";1;"BANGKOK";17/9/1993 0:00:00;3.42
2555;402950;10;"Normal";1;"BANGKOK";21/7/1993 0:00:00;1.79
2555;402951;10;"Normal";1;"BANGKOK";26/2/1993 0:00:00;2.9
2555;402952;10;"Normal";1;"BANGKOK";20/6/1993 0:00:00;3
2555;402953;10;"Normal";1;"BANGKOK";16/9/1993 0:00:00;3.14
2555;402954;90;"Not Registration for New Students";96;"NARATHIWAT";;
2555;402955;10;"Normal";33;"SI SA KET";6/6/1984 0:00:00;2.19
2555;402956;90;"Not Registration for New Students";33;"SI SA KET";22/9/1991 0:00:00;2.48
2555;402957;55;"Resign";1;"BANGKOK";18/11/1992 0:00:00;2.1
2555;402958;10;"Normal";25;"PRACHIN BURI";1/3/1994 0:00:00;3.11
2555;402959;10;"Normal";1;"BANGKOK";25/1/1993 0:00:00;2
2555;402960;80;"Dismissed Not Enroll";16;"SING BURI";5/7/1992 0:00:00;2.37
2555;402961;90;"Not Registration for New Students";11;"NONTHABURI";9/5/1992 0:00:00;2.85
2555;402962;61;"Dismissed GPAX < 1.50";30;"NAKHON RATCHASIMA";16/3/1993 0:00:00;2.71
2555;402963;10;"Normal";1;"BANGKOK";10/1/1994 0:00:00;3.38
2555;402964;61;"Dismissed GPAX < 1.50";23;"TRAT";20/2/1993 0:00:00;3.35
2555;402965;10;"Normal";19;"SAMUT PRAKAN";14/8/1993 0:00:00;2.98
2555;402966;10;"Normal";1;"BANGKOK";13/3/1994 0:00:00;2.35
2555;402967;10;"Normal";1;"BANGKOK";20/11/1990 0:00:00;3.23
2555;402968;10;"Normal";1;"BANGKOK";15/4/1988 0:00:00;2.31
2555;402969;90;"Not Registration for New Students";1;"BANGKOK";23/7/1993 0:00:00;1.93
2555;402970;61;"Dismissed GPAX < 1.50";13;"PHRA NAKHON SI AYUTTHAYA";28/4/1994 0:00:00;2.51
2555;402971;10;"Normal";1;"BANGKOK";14/1/1991 0:00:00;2.21
2555;402972;61;"Dismissed GPAX < 1.50";1;"BANGKOK";16/11/1993 0:00:00;2.6
2555;403241;80;"Dismissed Not Enroll";71;"KANCHANABURI";26/8/1993 0:00:00;2.84
2555;403242;61;"Dismissed GPAX < 1.50";84;"SURAT THANI";29/3/1994 0:00:00;2.12
2555;403243;10;"Normal";1;"BANGKOK";7/11/1993 0:00:00;2.44
2555;403244;10;"Normal";40;"KHON KAEN";5/3/1994 0:00:00;3.42
2555;403245;61;"Dismissed GPAX < 1.50";37;"AMNAT CHAROEN";10/6/1992 0:00:00;3.27
2555;403246;10;"Normal";73;"NAKHON PATHOM";11/11/1993 0:00:00;2.75
2556;410658;55;"Resign";24;"CHACHOENGSAO";15/9/1994 0:00:00;3
2556;413803;10;"Normal";1;"BANGKOK";1/10/1994 0:00:00;3.75
2556;413804;10;"Normal";1;"BANGKOK";13/12/1994 0:00:00;3.1
2556;413805;10;"Normal";1;"BANGKOK";24/4/1995 0:00:00;3.62
2556;413806;10;"Normal";1;"BANGKOK";7/9/1994 0:00:00;3.71
2556;413807;10;"Normal";1;"BANGKOK";5/11/1994 0:00:00;2.97
2556;415069;10;"Normal";13;"PHRA NAKHON SI AYUTTHAYA";26/5/1994 0:00:00;3.4
2556;415070;10;"Normal";36;"CHAIYAPHUM";28/4/1995 0:00:00;3.19
2556;415071;10;"Normal";55;"NAN";10/3/1995 0:00:00;3.18
2556;415072;10;"Normal";32;"SURIN";21/4/1995 0:00:00;3.66
2556;415073;10;"Normal";72;"SUPHAN BURI";26/8/1994 0:00:00;3.47
2556;423567;10;"Normal";1;"BANGKOK";15/7/1995 0:00:00;2.91
2556;423568;10;"Normal";1;"BANGKOK";31/1/1995 0:00:00;3.38
2556;423569;10;"Normal";1;"BANGKOK";11/1/1995 0:00:00;3.17
2556;423570;10;"Normal";1;"BANGKOK";10/4/1995 0:00:00;3.36
2556;423571;10;"Normal";1;"BANGKOK";12/8/1993 0:00:00;3.2
2556;423572;10;"Normal";76;"PHETCHABURI";22/3/1994 0:00:00;3.01
2556;423573;10;"Normal";11;"NONTHABURI";7/3/1995 0:00:00;3.39
2556;423574;10;"Normal";1;"BANGKOK";7/4/1995 0:00:00;3.35
2556;423575;10;"Normal";20;"CHON BURI";21/6/1994 0:00:00;3.62
2556;423576;10;"Normal";81;"KRABI";13/7/1994 0:00:00;3.6
2556;423577;10;"Normal";1;"BANGKOK";22/4/1995 0:00:00;3.22
2556;423578;10;"Normal";1;"BANGKOK";5/7/1994 0:00:00;3.65
2556;423579;10;"Normal";73;"NAKHON PATHOM";20/2/1995 0:00:00;3.58
2556;423580;10;"Normal";83;"PHUKET";10/5/1995 0:00:00;2.78
2556;423581;10;"Normal";1;"BANGKOK";3/10/1994 0:00:00;3.55
2556;423582;10;"Normal";50;"CHIANG MAI";28/3/1995 0:00:00;3.41
2556;423583;10;"Normal";92;"TRANG";25/11/1994 0:00:00;3.59
2556;423584;92;"Disclaim / Not Interview";;;;
2556;423585;10;"Normal";1;"BANGKOK";10/8/1995 0:00:00;3.04
2556;423586;10;"Normal";1;"BANGKOK";20/4/1995 0:00:00;3.56
2556;423587;10;"Normal";86;"CHUMPHON";14/6/1995 0:00:00;3.47
2556;423588;10;"Normal";1;"BANGKOK";3/1/1995 0:00:00;3.59
2556;423589;92;"Disclaim / Not Interview";;;;
2556;423590;10;"Normal";80;"NAKHON SI THAMMARAT";4/11/1993 0:00:00;2.93
2556;423591;10;"Normal";25;"PRACHIN BURI";29/8/1994 0:00:00;3.33
2556;423592;10;"Normal";12;"PATHUM THANI";26/12/1994 0:00:00;3.29
2556;423593;10;"Normal";1;"BANGKOK";26/8/1994 0:00:00;3.15
2556;423594;10;"Normal";11;"NONTHABURI";23/5/1995 0:00:00;3.57
2556;423595;10;"Normal";92;"TRANG";17/3/1994 0:00:00;3.59
2556;423596;10;"Normal";31;"BURI RAM";13/5/1995 0:00:00;3.47
2556;423597;55;"Resign";52;"LAMPANG";13/7/1994 0:00:00;3.16
2556;423598;10;"Normal";14;"ANG THONG";2/9/1993 0:00:00;3.38
2556;423599;10;"Normal";12;"PATHUM THANI";17/1/1995 0:00:00;3.64
2556;423600;10;"Normal";45;"ROI ET";10/3/1995 0:00:00;3.56
2556;423601;10;"Normal";30;"NAKHON RATCHASIMA";14/9/1994 0:00:00;3.51
2556;423602;10;"Normal";12;"PATHUM THANI";4/1/1995 0:00:00;3.54
2556;423603;80;"Dismissed Not Enroll";1;"BANGKOK";10/1/1995 0:00:00;3.55
2556;423604;10;"Normal";1;"BANGKOK";27/6/1994 0:00:00;3.53
2556;423605;10;"Normal";1;"BANGKOK";9/6/1995 0:00:00;3.21
2556;423606;10;"Normal";50;"CHIANG MAI";16/10/1994 0:00:00;2.7
2556;423607;10;"Normal";48;"NAKHON PHANOM";19/3/1995 0:00:00;3.31
2556;423608;10;"Normal";18;"SARABURI";21/12/1994 0:00:00;3.47
2556;423609;10;"Normal";57;"CHIANG RAI";17/4/1995 0:00:00;3.75
2556;423610;10;"Normal";70;"RATCHABURI";6/7/1994 0:00:00;3.64
2556;423611;10;"Normal";60;"NAKHON SAWAN";29/6/1994 0:00:00;3.77
2556;423612;10;"Normal";93;"PHATTHALUNG";12/5/1994 0:00:00;3.71
2556;423613;10;"Normal";73;"NAKHON PATHOM";24/3/1995 0:00:00;3.56
2556;423614;10;"Normal";71;"KANCHANABURI";9/7/1993 0:00:00;3.45
2556;423615;10;"Normal";1;"BANGKOK";30/7/1995 0:00:00;3.54
2556;423616;10;"Normal";1;"BANGKOK";17/2/1995 0:00:00;3.62
2556;423617;10;"Normal";12;"PATHUM THANI";28/12/1994 0:00:00;3.69
2556;423618;10;"Normal";19;"SAMUT PRAKAN";13/11/1994 0:00:00;3.77
2556;423619;10;"Normal";1;"BANGKOK";10/2/1995 0:00:00;2.81
2556;423620;55;"Resign";1;"BANGKOK";21/8/1994 0:00:00;3.7
2556;423621;10;"Normal";32;"SURIN";10/10/1993 0:00:00;3.85
2556;423622;90;"Not Registration for New Students";;;;
2556;423623;10;"Normal";72;"SUPHAN BURI";13/9/1994 0:00:00;3.93
2556;423624;10;"Normal";72;"SUPHAN BURI";30/7/1994 0:00:00;3.29
2556;423625;10;"Normal";37;"AMNAT CHAROEN";10/6/1992 0:00:00;3.27
2556;423626;92;"Disclaim / Not Interview";;;;
2556;423627;10;"Normal";20;"CHON BURI";30/11/1994 0:00:00;3.62
2556;423628;10;"Normal";96;"NARATHIWAT";2/1/1995 0:00:00;3.59
2556;423629;92;"Disclaim / Not Interview";;;;
2556;423630;10;"Normal";1;"BANGKOK";24/6/1995 0:00:00;3.15
2556;423631;10;"Normal";24;"CHACHOENGSAO";13/9/1995 0:00:00;3.35
2556;423632;10;"Normal";70;"RATCHABURI";1/2/1993 0:00:00;2.97
2556;423633;12;"Leave";11;"NONTHABURI";22/7/1994 0:00:00;3.61
2556;423634;10;"Normal";1;"BANGKOK";1/1/1995 0:00:00;3.37
2556;423635;10;"Normal";1;"BANGKOK";26/12/1994 0:00:00;3.6
2556;423636;92;"Disclaim / Not Interview";;;;
2556;423637;10;"Normal";12;"PATHUM THANI";6/12/1994 0:00:00;3.64
2556;423638;10;"Normal";1;"BANGKOK";7/11/1994 0:00:00;3.16
2556;423639;10;"Normal";70;"RATCHABURI";20/7/1993 0:00:00;3.29
2556;423640;10;"Normal";1;"BANGKOK";12/11/1994 0:00:00;3.75
2556;423641;10;"Normal";21;"RAYONG";1/8/1994 0:00:00;3.85
2556;423642;10;"Normal";1;"BANGKOK";11/1/1995 0:00:00;3.46
2556;423643;12;"Leave";19;"SAMUT PRAKAN";13/12/1994 0:00:00;3.36
2556;423644;10;"Normal";1;"BANGKOK";21/7/1994 0:00:00;3.29
2556;423645;10;"Normal";70;"RATCHABURI";14/6/1994 0:00:00;3.65
2556;423646;92;"Disclaim / Not Interview";;;;
2556;423647;92;"Disclaim / Not Interview";;;;
2556;423648;10;"Normal";83;"PHUKET";10/3/1995 0:00:00;2.74
2556;423649;10;"Normal";1;"BANGKOK";27/11/1993 0:00:00;3.01
2556;423650;92;"Disclaim / Not Interview";;;;
2556;423651;90;"Not Registration for New Students";96;"NARATHIWAT";7/8/1990 0:00:00;3.88
2556;424317;10;"Normal";12;"PATHUM THANI";1/5/1995 0:00:00;2.87
2556;424318;10;"Normal";47;"SAKON NAKHON";13/8/1994 0:00:00;3.39
2556;424319;10;"Normal";18;"SARABURI";20/12/1993 0:00:00;3.02
2556;424320;92;"Disclaim / Not Interview";;;;
2556;424321;80;"Dismissed Not Enroll";11;"NONTHABURI";23/7/1994 0:00:00;3.73
2556;424322;92;"Disclaim / Not Interview";;;;
2556;424323;10;"Normal";31;"BURI RAM";27/1/1994 0:00:00;3.21
2556;424324;10;"Normal";32;"SURIN";15/10/1995 0:00:00;3.06
2556;424325;80;"Dismissed Not Enroll";76;"PHETCHABURI";21/6/1994 0:00:00;2.94
2556;424326;10;"Normal";1;"BANGKOK";16/10/1990 0:00:00;2.72
2556;424327;10;"Normal";44;"MAHA SARAKHAM";15/12/1995 0:00:00;2.66
2556;424328;10;"Normal";12;"PATHUM THANI";3/12/1995 0:00:00;3.35
2556;424329;10;"Normal";67;"PHETCHABUN";24/6/1995 0:00:00;3.56
2556;424330;10;"Normal";1;"BANGKOK";5/4/1995 0:00:00;3.22
2556;424331;10;"Normal";1;"BANGKOK";4/5/1995 0:00:00;2.9
2556;424332;10;"Normal";1;"BANGKOK";20/6/1995 0:00:00;3.49
2556;424333;10;"Normal";53;"UTTARADIT";14/4/1995 0:00:00;3.24
2556;424334;10;"Normal";12;"PATHUM THANI";10/9/1993 0:00:00;3.25
2556;424335;92;"Disclaim / Not Interview";;;;
2556;424336;92;"Disclaim / Not Interview";;;;
2556;427159;80;"Dismissed Not Enroll";12;"PATHUM THANI";29/9/1992 0:00:00;2.93
2556;427160;10;"Normal";76;"PHETCHABURI";31/10/1989 0:00:00;2.29
2556;427161;10;"Normal";1;"BANGKOK";3/2/1994 0:00:00;2.74
2556;427162;10;"Normal";1;"BANGKOK";11/5/1994 0:00:00;2.72
2556;427163;90;"Not Registration for New Students";;;;
2556;427164;10;"Normal";25;"PRACHIN BURI";26/4/1994 0:00:00;3.08
2556;427165;10;"Normal";1;"BANGKOK";15/6/1995 0:00:00;3.19
2556;427166;10;"Normal";90;"SONGKHLA";28/1/1994 0:00:00;3.29
2556;427167;61;"Dismissed GPAX < 1.50";16;"SING BURI";5/7/1992 0:00:00;2.37
2556;427168;61;"Dismissed GPAX < 1.50";13;"PHRA NAKHON SI AYUTTHAYA";29/7/1992 0:00:00;2.72
2556;427169;10;"Normal";1;"BANGKOK";8/8/1992 0:00:00;2.93
2556;427170;55;"Resign";1;"BANGKOK";16/6/1994 0:00:00;2.56
2556;427171;61;"Dismissed GPAX < 1.50";1;"BANGKOK";1/5/1995 0:00:00;2.75
2556;427172;12;"Leave";1;"BANGKOK";31/7/1994 0:00:00;2.04
2556;427173;10;"Normal";26;"NAKHON NAYOK";26/2/1991 0:00:00;3.27
2556;427174;10;"Normal";1;"BANGKOK";18/11/1993 0:00:00;2.49
2556;427175;90;"Not Registration for New Students";;;;
2556;427176;61;"Dismissed GPAX < 1.50";60;"NAKHON SAWAN";20/11/1994 0:00:00;2.45
2556;427177;10;"Normal";43;"NONG KHAI";21/4/1995 0:00:00;2.76
2556;427178;10;"Normal";1;"BANGKOK";14/2/1993 0:00:00;3.23
2556;427179;10;"Normal";30;"NAKHON RATCHASIMA";11/5/1991 0:00:00;3.06
2556;427180;10;"Normal";76;"PHETCHABURI";10/9/1994 0:00:00;3.16
2556;427181;90;"Not Registration for New Students";;;;
2556;427182;55;"Resign";19;"SAMUT PRAKAN";28/1/1995 0:00:00;3.39
2556;427183;10;"Normal";11;"NONTHABURI";14/4/1994 0:00:00;2.95
2556;427184;90;"Not Registration for New Students";;;;
2556;427185;10;"Normal";1;"BANGKOK";16/10/1994 0:00:00;3.52
2556;427186;90;"Not Registration for New Students";;;;
2556;427187;61;"Dismissed GPAX < 1.50";70;"RATCHABURI";8/2/1995 0:00:00;2.77
2556;427188;61;"Dismissed GPAX < 1.50";41;"UDON THANI";11/2/1994 0:00:00;2.42
2556;427189;10;"Normal";1;"BANGKOK";12/7/1994 0:00:00;3.11
2556;427190;10;"Normal";1;"BANGKOK";31/10/1994 0:00:00;2.16
2556;427191;10;"Normal";1;"BANGKOK";14/12/1994 0:00:00;3.16
2556;427192;80;"Dismissed Not Enroll";75;"SAMUT SONGKHRAM";30/6/1993 0:00:00;2.13
2556;427193;61;"Dismissed GPAX < 1.50";77;"PRACHUAP KHIRI KHAN";12/9/1992 0:00:00;2.96
2556;427194;90;"Not Registration for New Students";;;;
2556;427195;10;"Normal";1;"BANGKOK";30/3/1995 0:00:00;2.75
2556;427196;10;"Normal";14;"ANG THONG";24/5/1994 0:00:00;3
2556;427197;10;"Normal";77;"PRACHUAP KHIRI KHAN";1/8/1994 0:00:00;2.97
2556;427198;10;"Normal";15;"LOP BURI";19/9/1994 0:00:00;3.52
2556;427199;10;"Normal";12;"PATHUM THANI";28/7/1994 0:00:00;3.38
2556;427200;61;"Dismissed GPAX < 1.50";12;"PATHUM THANI";7/3/1994 0:00:00;2.91
2556;427201;10;"Normal";1;"BANGKOK";25/10/1993 0:00:00;2.65
2556;427202;10;"Normal";26;"NAKHON NAYOK";10/4/1995 0:00:00;2.2
2556;427203;10;"Normal";1;"BANGKOK";6/4/1992 0:00:00;2.57
2556;427204;10;"Normal";1;"BANGKOK";29/3/1994 0:00:00;3.35
2556;427205;55;"Resign";1;"BANGKOK";31/5/1994 0:00:00;3.68
2556;427206;10;"Normal";12;"PATHUM THANI";18/4/1995 0:00:00;3.13
2556;427207;10;"Normal";61;"UTHAI THANI";15/3/1993 0:00:00;2.75
2556;427208;55;"Resign";60;"NAKHON SAWAN";4/4/1995 0:00:00;2.42
2556;427209;55;"Resign";1;"BANGKOK";11/4/1995 0:00:00;2.23
2556;427210;90;"Not Registration for New Students";;;;
2556;427211;10;"Normal";1;"BANGKOK";21/7/1994 0:00:00;2.87
2556;427212;10;"Normal";50;"CHIANG MAI";29/11/1991 0:00:00;3.02
2556;427879;55;"Resign";12;"PATHUM THANI";9/3/1993 0:00:00;2.14
2556;427880;10;"Normal";1;"BANGKOK";9/6/1994 0:00:00;1.97
2556;427881;10;"Normal";1;"BANGKOK";12/6/1995 0:00:00;2.22
2556;427882;10;"Normal";1;"BANGKOK";15/5/1992 0:00:00;2.21
2556;427883;10;"Normal";1;"BANGKOK";2/7/1993 0:00:00;2.74
2556;427884;61;"Dismissed GPAX < 1.50";26;"NAKHON NAYOK";5/7/1993 0:00:00;2.89
2556;427885;10;"Normal";12;"PATHUM THANI";30/4/1995 0:00:00;2.95
2556;441315;71;"Timeout (Foreigner / Exchange Student)";;;;
2557;435519;90;"Not Registration for New Students";;;;
2557;435520;10;"Normal";21;"RAYONG";14/5/1996 0:00:00;3.08
2557;435521;10;"Normal";1;"BANGKOK";22/1/1996 0:00:00;3.01
2557;435522;10;"Normal";12;"PATHUM THANI";11/5/1996 0:00:00;3.67
2557;435523;90;"Not Registration for New Students";;;;
2557;435524;10;"Normal";24;"CHACHOENGSAO";27/6/1995 0:00:00;3.3
2557;435525;90;"Not Registration for New Students";;;;
2557;435526;90;"Not Registration for New Students";;;;
2557;435527;10;"Normal";70;"RATCHABURI";31/8/1995 0:00:00;3.84
2557;435528;90;"Not Registration for New Students";;;;
2557;435529;90;"Not Registration for New Students";;;;
2557;435530;10;"Normal";1;"BANGKOK";8/12/1995 0:00:00;3.41
2557;435531;90;"Not Registration for New Students";;;;
2557;435532;10;"Normal";14;"ANG THONG";23/4/1996 0:00:00;3.61
2557;435533;90;"Not Registration for New Students";;;;
2557;439499;10;"Normal";12;"PATHUM THANI";28/12/1995 0:00:00;3.84
2557;439500;10;"Normal";1;"BANGKOK";6/11/1995 0:00:00;3.01
2557;439501;10;"Normal";1;"BANGKOK";10/6/1996 0:00:00;3.54
2557;439502;10;"Normal";72;"SUPHAN BURI";21/2/1996 0:00:00;2.96
2557;439503;10;"Normal";1;"BANGKOK";20/7/1996 0:00:00;3.49
2557;439504;10;"Normal";75;"SAMUT SONGKHRAM";4/1/1996 0:00:00;2.92
2557;439505;10;"Normal";72;"SUPHAN BURI";19/7/1996 0:00:00;3.52
2557;439506;10;"Normal";12;"PATHUM THANI";9/1/1996 0:00:00;2.91
2557;440213;10;"Normal";1;"BANGKOK";28/3/1995 0:00:00;3.33
2557;441839;90;"Not Registration for New Students";51;"LAMPHUN";24/5/1996 0:00:00;3.17
2557;441840;90;"Not Registration for New Students";;;;
2557;441841;90;"Not Registration for New Students";;;;
2557;444123;92;"Disclaim / Not Interview";;;;
2557;444124;10;"Normal";13;"PHRA NAKHON SI AYUTTHAYA";10/1/1996 0:00:00;3.25
2557;444125;10;"Normal";1;"BANGKOK";4/3/1996 0:00:00;3.64
2557;444126;10;"Normal";72;"SUPHAN BURI";20/6/1995 0:00:00;3.43
2557;444127;10;"Normal";1;"BANGKOK";2/3/1995 0:00:00;3.33
2557;444128;10;"Normal";62;"KAMPHAENG PHET";23/10/1994 0:00:00;3.23
2557;444129;10;"Normal";61;"UTHAI THANI";23/6/1996 0:00:00;3.38
2557;444130;10;"Normal";1;"BANGKOK";19/7/1996 0:00:00;3.55
2557;444131;10;"Normal";11;"NONTHABURI";1/9/1995 0:00:00;3.77
2557;444132;10;"Normal";12;"PATHUM THANI";24/2/1996 0:00:00;3.56
2557;444133;10;"Normal";22;"CHANTHABURI";11/5/1996 0:00:00;3.57
2557;444134;10;"Normal";1;"BANGKOK";13/12/1994 0:00:00;2.89
2557;444135;10;"Normal";11;"NONTHABURI";25/2/1996 0:00:00;3.65
2557;444136;10;"Normal";1;"BANGKOK";24/11/1995 0:00:00;3.5
2557;444137;10;"Normal";25;"PRACHIN BURI";17/4/1996 0:00:00;3.79
2557;444138;92;"Disclaim / Not Interview";;;;
2557;444139;10;"Normal";71;"KANCHANABURI";29/6/1995 0:00:00;3.64
2557;444140;10;"Normal";16;"SING BURI";12/4/1995 0:00:00;3.01
2557;444141;92;"Disclaim / Not Interview";;;;
2557;444142;10;"Normal";72;"SUPHAN BURI";10/4/1996 0:00:00;3.69
2557;444143;10;"Normal";44;"MAHA SARAKHAM";2/11/1995 0:00:00;3.89
2557;444144;10;"Normal";13;"PHRA NAKHON SI AYUTTHAYA";4/10/1995 0:00:00;3.44
2557;444145;10;"Normal";19;"SAMUT PRAKAN";28/1/1995 0:00:00;3.39
2557;444146;10;"Normal";1;"BANGKOK";14/12/1995 0:00:00;3.28
2557;444147;10;"Normal";20;"CHON BURI";16/4/1995 0:00:00;2.95
2557;444148;10;"Normal";20;"CHON BURI";15/12/1995 0:00:00;3.67
2557;444149;10;"Normal";1;"BANGKOK";16/7/1995 0:00:00;3.07
2557;444150;10;"Normal";1;"BANGKOK";23/5/1996 0:00:00;3.51
2557;444151;10;"Normal";33;"SI SA KET";30/7/1995 0:00:00;3.66
2557;444152;10;"Normal";11;"NONTHABURI";29/7/1995 0:00:00;3.52
2557;444153;10;"Normal";1;"BANGKOK";18/4/1994 0:00:00;3.6
2557;444154;10;"Normal";1;"BANGKOK";8/10/1995 0:00:00;3.42
2557;444155;10;"Normal";12;"PATHUM THANI";29/1/1996 0:00:00;3.3
2557;444156;10;"Normal";1;"BANGKOK";28/3/1996 0:00:00;3.56
2557;444157;10;"Normal";1;"BANGKOK";27/1/1996 0:00:00;3.7
2557;444158;10;"Normal";55;"NAN";4/3/1995 0:00:00;3.34
2557;444159;10;"Normal";11;"NONTHABURI";2/3/1996 0:00:00;3.21
2557;444160;10;"Normal";31;"BURI RAM";11/3/1995 0:00:00;3.62
2557;444161;10;"Normal";1;"BANGKOK";17/11/1995 0:00:00;3.81
2557;444162;55;"Resign";24;"CHACHOENGSAO";16/10/1995 0:00:00;3.39
2557;444163;10;"Normal";1;"BANGKOK";28/10/1995 0:00:00;3.44
2557;444164;10;"Normal";1;"BANGKOK";4/1/1996 0:00:00;3.26
2557;444165;10;"Normal";72;"SUPHAN BURI";22/3/1996 0:00:00;3.6
2557;444166;10;"Normal";96;"NARATHIWAT";13/6/1995 0:00:00;3.23
2557;444167;92;"Disclaim / Not Interview";;;;
2557;444168;10;"Normal";13;"PHRA NAKHON SI AYUTTHAYA";29/10/1995 0:00:00;3.59
2557;444169;92;"Disclaim / Not Interview";;;;
2557;444170;10;"Normal";18;"SARABURI";9/9/1994 0:00:00;3.41
2557;444171;92;"Disclaim / Not Interview";;;;
2557;444172;10;"Normal";1;"BANGKOK";8/6/1995 0:00:00;3.01
2557;444173;10;"Normal";46;"KALASIN";22/9/1994 0:00:00;3.41
2557;444174;10;"Normal";71;"KANCHANABURI";19/10/1995 0:00:00;3.23
2557;444175;10;"Normal";74;"SAMUT SAKHON";14/3/1996 0:00:00;3.45
2557;444176;10;"Normal";1;"BANGKOK";21/5/1996 0:00:00;3.83
2557;444177;10;"Normal";12;"PATHUM THANI";16/10/1995 0:00:00;3.08
2557;444178;10;"Normal";99;"N/A";15/1/1996 0:00:00;3.1
2557;444179;10;"Normal";1;"BANGKOK";11/1/1996 0:00:00;3.13
2557;444180;10;"Normal";1;"BANGKOK";31/5/1994 0:00:00;3.68
2557;444181;10;"Normal";13;"PHRA NAKHON SI AYUTTHAYA";16/4/1996 0:00:00;3.46
2557;444182;10;"Normal";73;"NAKHON PATHOM";23/6/1995 0:00:00;3.06
2557;444183;92;"Disclaim / Not Interview";;;;
2557;444184;10;"Normal";77;"PRACHUAP KHIRI KHAN";18/12/1995 0:00:00;3.45
2557;444185;10;"Normal";12;"PATHUM THANI";19/10/1994 0:00:00;3.65
2557;444186;10;"Normal";52;"LAMPANG";20/8/1996 0:00:00;3.66
2557;444187;90;"Not Registration for New Students";;;;
2557;444188;92;"Disclaim / Not Interview";;;;
2557;444189;92;"Disclaim / Not Interview";;;;
2557;444190;10;"Normal";67;"PHETCHABUN";11/9/1994 0:00:00;3.78
2557;444191;10;"Normal";1;"BANGKOK";1/9/1994 0:00:00;3.22
2557;444192;10;"Normal";74;"SAMUT SAKHON";16/10/1995 0:00:00;3.5
2557;444193;10;"Normal";30;"NAKHON RATCHASIMA";8/5/1996 0:00:00;3.33
2557;444194;10;"Normal";1;"BANGKOK";26/1/1996 0:00:00;3.72
2557;444195;10;"Normal";95;"YALA";10/3/1996 0:00:00;3.67
2557;444196;10;"Normal";66;"PHICHIT";2/4/1995 0:00:00;3.53
2557;444197;10;"Normal";20;"CHON BURI";30/9/1995 0:00:00;3.4
2557;444198;10;"Normal";1;"BANGKOK";5/12/1994 0:00:00;3.51
2557;444199;90;"Not Registration for New Students";70;"RATCHABURI";20/5/1992 0:00:00;3.14
2557;444200;10;"Normal";1;"BANGKOK";9/2/1996 0:00:00;3.46
2557;444201;10;"Normal";16;"SING BURI";20/1/1989 0:00:00;3.62
2557;444202;10;"Normal";17;"CHAI NAT";26/12/1995 0:00:00;3.44
2557;444203;92;"Disclaim / Not Interview";;;;
2557;444204;10;"Normal";70;"RATCHABURI";28/11/1995 0:00:00;3.68
2557;445955;10;"Normal";1;"BANGKOK";19/12/1995 0:00:00;3
2557;445956;10;"Normal";1;"BANGKOK";1/8/1995 0:00:00;2.95
2557;445957;10;"Normal";25;"PRACHIN BURI";14/5/1996 0:00:00;3.74
2557;445958;10;"Normal";19;"SAMUT PRAKAN";28/9/1995 0:00:00;3.34
2557;445959;10;"Normal";48;"NAKHON PHANOM";31/12/1995 0:00:00;2.7
2557;445960;10;"Normal";1;"BANGKOK";24/5/1995 0:00:00;3.26
2557;445961;10;"Normal";20;"CHON BURI";2/2/1995 0:00:00;3.71
2557;445962;92;"Disclaim / Not Interview";;;;
2557;445963;10;"Normal";30;"NAKHON RATCHASIMA";21/4/1996 0:00:00;3.11
2557;445964;10;"Normal";1;"BANGKOK";18/2/1996 0:00:00;2.84
2557;445965;10;"Normal";84;"SURAT THANI";28/11/1994 0:00:00;2.63
2557;445966;10;"Normal";1;"BANGKOK";10/7/1996 0:00:00;2.91
2557;445967;10;"Normal";70;"RATCHABURI";19/8/1995 0:00:00;2.81
2557;445968;10;"Normal";80;"NAKHON SI THAMMARAT";12/5/1995 0:00:00;3.26
2557;445969;10;"Normal";12;"PATHUM THANI";6/3/1996 0:00:00;3.13
2557;445970;90;"Not Registration for New Students";;;;
2557;445971;92;"Disclaim / Not Interview";;;;
2557;445972;10;"Normal";99;"N/A";12/3/1996 0:00:00;3.16
2557;445973;10;"Normal";1;"BANGKOK";20/1/1996 0:00:00;3.15
2557;445974;10;"Normal";92;"TRANG";12/1/1995 0:00:00;3.42
2557;446001;10;"Normal";30;"NAKHON RATCHASIMA";1/2/1996 0:00:00;3.33
2557;446002;92;"Disclaim / Not Interview";;;;
2557;446003;10;"Normal";51;"LAMPHUN";10/10/1995 0:00:00;2.26
2557;446004;10;"Normal";94;"PATTANI";1/10/1995 0:00:00;1.66
2557;446005;92;"Disclaim / Not Interview";;;;
2557;446006;10;"Normal";25;"PRACHIN BURI";13/1/1996 0:00:00;2.85
2557;446007;92;"Disclaim / Not Interview";;;;
2557;446008;10;"Normal";65;"PHITSANULOK";9/11/1995 0:00:00;2.62
2557;446009;92;"Disclaim / Not Interview";;;;
2557;446010;92;"Disclaim / Not Interview";;;;
2557;446011;10;"Normal";12;"PATHUM THANI";15/4/1995 0:00:00;3.11
2557;446012;10;"Normal";72;"SUPHAN BURI";20/9/1995 0:00:00;3.39
2557;446398;10;"Normal";14;"ANG THONG";12/9/1996 0:00:00;3.5
2557;446399;10;"Normal";1005;"CHINA";12/11/1995 0:00:00;3.11
2557;446400;10;"Normal";63;"TAK";15/2/1996 0:00:00;3.76
2557;446401;10;"Normal";63;"TAK";10/7/1995 0:00:00;3.17
2557;446503;10;"Normal";1;"BANGKOK";15/10/1995 0:00:00;3.06
2557;446504;10;"Normal";30;"NAKHON RATCHASIMA";15/8/1995 0:00:00;3.22
2557;447199;10;"Normal";12;"PATHUM THANI";6/11/1995 0:00:00;3.04
2557;447200;10;"Normal";1;"BANGKOK";17/8/1995 0:00:00;2.64
2557;447201;10;"Normal";1;"BANGKOK";4/8/1997 0:00:00;450
2557;447202;10;"Normal";1;"BANGKOK";23/3/1996 0:00:00;2.41
2557;447203;10;"Normal";12;"PATHUM THANI";24/10/1994 0:00:00;2.78
2557;447204;10;"Normal";1;"BANGKOK";24/2/1993 0:00:00;3.3
2557;447205;10;"Normal";1;"BANGKOK";16/6/1994 0:00:00;2.56
2557;447206;10;"Normal";30;"NAKHON RATCHASIMA";20/9/1995 0:00:00;2.8
2557;447207;10;"Normal";71;"KANCHANABURI";2/11/1994 0:00:00;2.76
2557;447208;90;"Not Registration for New Students";;;;
2557;447209;10;"Normal";30;"NAKHON RATCHASIMA";20/10/1995 0:00:00;3.52
2557;447210;90;"Not Registration for New Students";;;;
2557;447211;10;"Normal";1;"BANGKOK";2/10/1994 0:00:00;2.7
2557;447212;10;"Normal";40;"KHON KAEN";22/3/1996 0:00:00;2.46
2557;447213;10;"Normal";12;"PATHUM THANI";1/5/1996 0:00:00;2.3
2557;447214;10;"Normal";1;"BANGKOK";28/12/1993 0:00:00;2.63
2557;447215;10;"Normal";54;"PHRAE";6/1/1991 0:00:00;2.46
2557;447216;10;"Normal";1;"BANGKOK";3/10/1995 0:00:00;3.05
2557;447217;90;"Not Registration for New Students";;;;
2557;447218;10;"Normal";60;"NAKHON SAWAN";20/11/1994 0:00:00;2.45
2557;447219;10;"Normal";32;"SURIN";21/11/1996 0:00:00;3.13
2557;447220;10;"Normal";50;"CHIANG MAI";2/5/1995 0:00:00;2.85
2557;447221;10;"Normal";72;"SUPHAN BURI";20/3/1996 0:00:00;2.77
2557;447222;10;"Normal";1;"BANGKOK";26/11/1995 0:00:00;3.02
2557;447223;10;"Normal";21;"RAYONG";8/9/1994 0:00:00;2.8
2557;447224;10;"Normal";1;"BANGKOK";8/10/1994 0:00:00;2.79
2557;447225;10;"Normal";84;"SURAT THANI";14/8/1995 0:00:00;2.21
2557;447226;10;"Normal";42;"LOEI";2/7/1995 0:00:00;2.32
2557;447227;10;"Normal";11;"NONTHABURI";18/6/1995 0:00:00;2.19
2557;447228;90;"Not Registration for New Students";;;;
2557;447229;10;"Normal";1;"BANGKOK";1/5/1996 0:00:00;2.21
2557;447230;10;"Normal";1;"BANGKOK";18/1/1996 0:00:00;2.19
2557;447231;10;"Normal";16;"SING BURI";5/7/1992 0:00:00;2.37
2557;447232;10;"Normal";1;"BANGKOK";18/4/1996 0:00:00;2.84
2557;447233;10;"Normal";61;"UTHAI THANI";4/9/1995 0:00:00;2.89
2557;447234;10;"Normal";74;"SAMUT SAKHON";2/5/1996 0:00:00;2.89
2557;447235;90;"Not Registration for New Students";;;;
2557;447236;10;"Normal";12;"PATHUM THANI";9/6/1994 0:00:00;2.83
2557;447237;10;"Normal";12;"PATHUM THANI";21/10/1994 0:00:00;3.45
2557;447238;10;"Normal";20;"CHON BURI";16/8/1995 0:00:00;3.22
2557;447239;10;"Normal";99;"N/A";4/10/1994 0:00:00;3.18
2557;447240;10;"Normal";48;"NAKHON PHANOM";22/7/1995 0:00:00;3.75
2557;447241;10;"Normal";13;"PHRA NAKHON SI AYUTTHAYA";23/9/1990 0:00:00;2.6
2557;447242;10;"Normal";34;"UBON RATCHATHANI";31/10/1995 0:00:00;2.93
2557;447243;10;"Normal";84;"SURAT THANI";5/3/1993 0:00:00;2.08
